Business Id,Business Name,Type,Latitude,Longitude,Ratings,Review_Counts,Price,Zipcode,Delivery
dh5r9-SbN8xJ76XvnayWLQ,Giano Restaurant,Italian,40.7262256596862,-73.9840574049125,4.5,614,$$,10009,True
Vs8kQ4R381y27AH018gLpg,Supper,Italian,40.7229,-73.98527,4.0,1315,$$,10009,True
WG639VkTjmK5dzydd1BBJA,Rubirosa,Italian,40.722766,-73.99623299999998,4.5,2323,$$,10012,True
rp8S7scxOkVVeG7dNneMGQ,L'Artusi,Italian,40.73372,-74.00513000000002,4.5,1880,$$$,10014,True
yZJbealagfujEkgesAl2hA,Lupa,Italian,40.7276,-74.000045,4.0,1556,$$$,10012,True
J0OeDwmh5JBhid0A5GvltA,Il Corallo Trattoria,Italian,40.7262073,-74.00189190000002,4.0,977,$$,10012,True
qBGKigOGn_flCx1apxPzlA,Piccola Cucina Osteria,Italian,40.72506,-74.00322,4.5,573,$$,10012,False
IErfGS0DASSJfYU73m0Sqg,Malatesta Trattoria,Italian,40.73285,-74.00846999999997,4.0,1250,$$,10014,True
OCTiJwvjoK81WoDwsTkFvA,Paesano of Mulberry Street,Italian,40.718554,-73.997447,4.0,973,$$,10013,False
_N92SH1Zi-Hbxn_bNHFz0Q,Noodle Pudding,Italian,40.69979,-73.99203,4.0,565,$$,11201,True
kr5fRwdHtVwPPwSJxm9Fkg,Il Posto Accanto,Italian,40.72238,-73.98403,4.5,234,$$$,10009,True
DoSU8IPq-Py_YV3kYmXPfQ,Trattoria Trecolori,Italian,40.75998,-73.98671,4.0,2354,$$,10036,True
a4WZUTKn90dOkeY38JHNjQ,Aurora,Italian,40.715621,-73.96475699999998,4.0,655,$$,11249,True
-Gc5sTFxoXM3Tiv_dkSJZg,Cecconi's Dumbo,Italian,40.703306333011604,-73.9916549604523,3.5,746,$$$,11201,True
5TX0X8w5ssIACU_pnBEq6g,Tony's Di Napoli,Italian,40.756409999999995,-73.98546999999998,4.0,2108,$$,10036,True
f8ipr8Wdy1_wHhw7JgNqPQ,Da Claudio,Italian,40.71087,-74.00753,4.5,493,$$,10038,True
hpRrYBbKUqv8ewFKDjbjoA,Gersi,Italian,40.683438,-73.995711,4.5,280,$$,11231,True
OAqsZMbjv66nOMqlimnYuQ,Uva,Italian,40.7722,-73.95566,4.0,2420,$$,10075,True
xeC9vn3dxVVzAMR_aFwfXg,IL Brigante,Italian,40.707491999999995,-74.002571,4.0,417,$$,10038,True
b42PcC1nCP602fiXF0a9Xg,Barbalu Restaurant,Italian,40.70747470000001,-74.00204040000001,4.0,295,$$,10038,True
ry0nAQiUn8bpNAruY_5wfw,Scalino,Italian,40.724469899999995,-73.95151,4.5,255,$$,11222,True
V-FCEicobl5Su-R7EVJQNA,La Lanterna Di Vittorio,Italian,40.73069,-74.00015,4.0,1472,$$,10012,True
zwOAiVT4pAmpNGXzj-t5MA,Lilia,Italian,40.71757,-73.95236,4.0,848,$$$,11211,True
r2nIYBSyXny1-7XvsL2PVg,Lena's Italian Kitchen,Italian,40.74266400000001,-73.977783,4.5,205,$$,10016,True
MphfKkYFEe0BDQ6hZ0A5fA,Gelso & Grand,Italian,40.7194089547259,-73.99737778777221,4.5,977,$$,10013,True
74zaTegd7fnS6llTesn_Dg,Fragole Ristorante,Italian,40.68087,-73.99688,4.5,356,$$,11231,True
1mp7uP6Kz_Zz4UClVfnjFQ,Testo,Italian,40.708337,-73.946965,4.5,206,$$,11206,True
RXCCofQw1EjTcSN0ZeXfRA,Risotteria Melotti NYC,Italian,40.726673363853,-73.98809194564821,4.5,322,$$,10003,True
M4pCWzdBCkp2g_d834a7Hw,Sauce,Italian,40.720512182453,-73.98940028841898,4.0,819,$$,10002,True
7_hGsGEkHrjgAiYVjrCFnw,Carbone,Italian,40.728,-74.0001497,4.0,1135,$$$$,10012,False
5Akss-swwfyoSVeIsDBbvw,Basta Pasta,Italian,40.73881,-73.99407,4.0,1448,$$,10011,True
s5nPO911cYB2chdwqSqT9g,La Nonna Ristorante & Bar,Italian,40.718468787527,-73.9639185527139,4.0,311,$$,11249,False
XHhRAKq6DArQXYhkgvwaow,Spaghetti Incident,Italian,40.722315344143894,-73.9899454318763,4.0,597,$$,10002,True
OwDRIugcA4LkUuTRqpJsog,Naked Dog,Italian,40.7312720665479,-73.9593493647979,4.5,230,$$,11222,True
h37t9rA06Sr4EetJjKrfzw,Don Angie,Italian,40.73778,-74.00197,4.5,368,$$$,10014,True
I2lgw_7DUnwD92ND4PN-Ow,Aunt Jake's,Italian,40.7186467,-73.99792409999998,4.0,1499,$$,10013,True
abZ-mEvF6Tj4hfyIg0lKwQ,Vite Vinosteria,Italian,40.7629734277725,-73.92119564116,4.5,591,$$,11106,True
raqwXUBlnc0e8c7CYmxEJQ,Scarpetta,Italian,40.744509,-73.9856,4.0,1940,$$$,10016,True
a0IET3_yCFcO36OqGSsisg,Eataly Flatiron,Italian,40.741958777959994,-73.98971666283201,4.0,5652,$$,10010,True
ZVa3-O6LMxZXSpKG0J1h-w,Piccolo Angolo Restaurant,Italian,40.7378601855952,-74.0058052539825,4.0,554,$$,10014,True
lwfCl81r5a0mjxDNxNGC9w,Il Buco,Italian,40.72583,-73.99299,4.0,683,$$$,10012,True
nHMDOIX32dGbfpuNUwsLNQ,AlMar,Italian,40.702662,-73.989177,4.0,447,$$,11201,True
-hUvO0C0A-pGZdiSKvjoFw,Babbo,Italian,40.732283,-73.999284,4.0,2405,$$$$,10011,True
8qSOz7oTPUUCafsMOBBNEQ,Pisillo Italian Panini,Italian,40.710558,-74.007594,4.5,604,$$,10038,True
tJxAlyeT5PRbUIyJ2wsv-A,Bamonte's,Italian,40.716579,-73.951174,4.0,350,$$,11211,True
zo4JHfD2nWPUiqgsgDOaHQ,Rao's,Italian,40.79392,-73.93427,4.0,176,$$$$,10029,True
LfRiA6RORToZUSJUHkZBVA,Frankies 457 Spuntino,Italian,40.677328,-73.997972,4.0,827,$$,11231,True
bdKc4CSJPv-XLgxVwrtPrg,Forlini's Restaurant,Italian,40.71695,-73.99956999999998,4.5,447,$$$,10013,True
rJJiGJx3kfMAxtD7P7okHQ,Celeste Restaurant,Italian,40.78666,-73.97599,3.5,904,$$,10024,True
aSprnLY-6GkMk1cuv0TMeA,Al Di La Trattoria,Italian,40.675332643246996,-73.98134047503801,4.0,897,$$$,11215,True
dc3hkLkAqCSxDWQzrx-g9A,Quality Italian,Italian,40.76440445274361,-73.97678050516159,4.0,1076,$$$,10019,True
KCBfW6sWl9Gx-LvMff08jg,Osteria Morini,Italian,40.7219179851303,-73.99764720734021,4.0,1177,$$$,10012,False
DI_FoHY84hfzTWwlzF76aw,Benito One,Italian,40.720018846094796,-73.9969412164592,4.0,724,$$,10013,True
0Tvwk0hvgaY0QVIsZGTZKQ,Antica Ristorante,Italian,40.703935514533796,-74.0121731758117,4.5,503,$$$,10004,True
mPHPVJ2-8mOR-lFHafrc6w,Evelina,Italian,40.689722,-73.971003,4.5,205,$$$,11205,True
hzPBADaUBQEL30MGrvKsww,Il Tinello Ristorante Italiano,Italian,40.76256,-73.97565999999998,4.5,283,$$$$,10019,True
Ve6GVzzJpR5QIIPdcn6ViQ,Mercato,Italian,40.75619,-73.9937,4.0,892,$$,10018,True
AUifp6IDKzmorCM6vY2fug,Pepe Giallo,Italian,40.7468940064083,-74.0049896784992,4.0,660,$$,10011,True
mTWlEiCUEBlxBAkIikkB1A,Carmine's Italian Restaurant - Upper West Side,Italian,40.791077,-73.973763,4.0,1403,$$,10024,True
ZfyfGGtr7usMlsQP1LdU2g,Ornella Trattoria Italiana,Italian,40.7748162,-73.9132582,4.0,932,$$,11105,True
4Kqzy6WJBZ4Tc0cg6k2XNQ,Vinny's of Carroll Gardens,Italian,40.68210300000001,-73.993438,4.0,218,$$,11231,True
H_KyiRhwho8rdlw_R93_0Q,Marea,Italian,40.7674213694566,-73.9810554368179,4.0,2099,$$$,10019,True
1ZKbUeFAs0ltSnAYq4ELKw,Trattoria L'incontro,Italian,40.7763330374196,-73.9105868339539,4.5,951,$$$,11105,True
twHJyFgUSd7wzioKQjE7Jw,Galli,Italian,40.72161,-74.00126999999998,4.0,951,$$,10013,True
aJJlY5xvqS180wtRIHEWqA,Cotenna,Italian,40.72903,-74.00357,4.0,403,$$,10014,True
eWMuXtaBzf0H5u0Vf_zpjw,Ciccio,Italian,40.7263263267119,-74.0034471165676,4.5,283,$$,10013,True
uPWyvfh5qSrVbujhjsDiiw,Oregano,Italian,40.7190165,-73.9586248,4.0,412,$$,11249,True
MOwB9YYd-Ko6nVgSB-ltQw,Briciola,Italian,40.763799704727795,-73.98809194564821,4.0,846,$$,10019,True
XvEz60Y0NbLxooK9AmRU8g,Piccoli Trattoria,Italian,40.665184,-73.98654,4.5,490,$$,11215,True
LTi4_wcCVmqQeJ_jgTEbOQ,Emporio,Italian,40.722647,-73.995246,4.0,785,$$,10012,True
iEUXrUUqGfUhpgYYSr5Zig,Da Nico Ristorante,Italian,40.71963,-73.99691,4.0,792,$$,10013,True
yY15aCwP6lRnEfSlbV_mhA,Mama Mal's Italian Cuisine,Italian,30.253537,-97.763551,4.5,41,$,78704,True
5k_jwjhdFMPUNWhouGNzuA,Misi,Italian,40.71341,-73.96661999999998,4.0,312,$$$,11249,True
vVVmHacu2YAxKfpIjhfd1g,NORMA Gastronomia Siciliana,Italian,40.74355300000001,-73.980026,4.5,423,$$,10016,True
6aVgixwks8EgirE1JtyDAQ,John's of 12th Street,Italian,40.730685,-73.985502,4.0,714,$$,10003,True
ZTsN8TdMXl8SW_AKd_ablw,Forno Rosso,Italian,40.694467,-73.98293000000002,4.5,685,$$,11201,True
5V4cUVikPN8ALWXBVdjltw,Mariella,Italian,40.6662419,-73.985749,4.5,341,$$,11215,False
53ZNJNrT91VgvrI0LFjLNQ,Locanda Vini e Olii,Italian,40.685007,-73.96294300000002,4.0,309,$$$,11238,True
_V7YsDQ4Lb41rqfkuPzm1w,Trattoria Pesce Pasta,Italian,40.73115,-74.00319,4.0,247,$$,10014,True
CFR-HzVHKWRMpMAR3LAhzg,Montesacro Pinseria Brooklyn,Italian,40.71338,-73.95136,4.5,96,$$,11211,True
WmK7GXwOnLSTRN1ocyUThg,Puglia Ristorante,Italian,40.7181606872639,-73.99769756511441,4.0,511,$$,10013,True
tLZfepIfSf0a80zHQTbTGQ,Trattoria Zero Otto Nove,Italian,40.854779,-73.888474,4.0,783,$$,10458,True
Be1Y-vAEMgo7lqL5alXgDA,Taverna Di Bacco,Italian,40.72191,-73.98768000000003,4.0,282,$$,10002,True
WYhRkUATHRyXZrE55MArbA,Scalini Fedeli,Italian,40.7173964385114,-74.00932775374591,4.5,314,$$$$,10013,True
4j_n7nPaZrp6_lEInZaA8Q,Aita,Italian,40.686412,-73.966629,4.0,264,$$,11238,True
Fit_iIDn__NPVZpVlKFBFQ,Osteria 106,Italian,40.79894,-73.96174,4.5,137,$$,10025,True
3o0W7asUgP7EEKn8iFWFyA,Casa Nonna,Italian,40.75496,-73.99247,4.0,539,$$$,10018,True
6Z5OWpaeGGazJHR4LfThsw,Palma,Italian,40.73115,-74.00233,4.0,740,$$$,10014,True
Pu09oBx1ekEZiFt90PsSIw,Tableside Italian Cook Shoppe,Italian,40.7266287,-73.98633840000002,4.5,283,$$$,10003,True
d5ya04K-2A_hI3Xzqe1HeA,Caffe Buon Gusto,Italian,40.77249000000001,-73.95713,4.0,528,$$,10075,True
32VbG_XgkZIuye0PV-BxaA,Zero Otto Nove,Italian,40.7407551035259,-73.99148873885879,4.0,477,$$,10010,True
9iC39Z1YjZKbrrCANgzBXg,Sergimmo Salumeria,Italian,40.754296000000004,-73.995498,4.0,683,$$,10018,True
JSexQM-wn8HvWmfxu_m5ZA,Gnocco,Italian,40.72723,-73.98021,3.5,484,$$,10009,True
JyXn_GCGM2DsNYIzgzQrDw,Da Gennaro,Italian,40.71832,-73.99794,4.0,1040,$$,10013,True
hDj_0pbi4mFR5p1H1w6igw,Misirizzi,Italian,40.7272,-73.99228000000002,4.5,142,$$,10003,True
N-rwVhnEtXg8yY_TlB_KZw,Del Posto,Italian,40.7434155953035,-74.00753301326101,4.0,1430,$$$$,10011,False
DtnlLLvcqeEUIyZTypHnzw,Il Mulino New York - Downtown,Italian,40.729807,-73.99915899999998,4.0,553,$$$$,10012,True
7EAj8VJX_DoKlZdCJBE4Pg,La Bella Vita,Italian,40.719815999999994,-73.997403,4.0,406,$$,10013,True
HiNUBUR1hFwScd_OvVLQAg,La Pecora Bianca,Italian,40.74358,-73.9892,4.0,633,$$,10010,True
25npnVAlhRjguunYS8zy8w,Piccola Strada,Italian,40.726620000000004,-73.99019,4.5,199,$$,10003,True
jnHbdsqlTKlPcmJ8BCP9-g,Via Carota,Italian,40.733148231901204,-74.00366777251583,4.0,598,$$$,10014,True
FRp1NwIyp6tkDU986cJkXQ,Piccola Cucina Estiatorio,Italian,40.7246,-74.00297990000001,4.5,109,$$,10012,True
_WttOSi2_ggdvUI6GvaqTg,Da Nonna Rosa,Italian,40.672909999999995,-73.97697,4.0,364,$$,11215,True
Lesv5BG0_0-8bB49cAjMkg,Roberto's,Italian,40.85372,-73.88834,4.0,261,$$$,10458,True
vZ5-JXlJS75k8wmPNS5U5w,Max Soha,Italian,40.81130200000001,-73.95818299999998,4.0,408,$$,10027,True
PajKY49h4SpvSr-TW3lwCQ,Rafele Ristorante,Italian,40.7309471231405,-74.00411717790979,4.0,478,$$$,10014,True
TO9IICJjvcg1QhLVnap9fA,Cent'Anni,Italian,40.6730907423467,-73.9573492245369,4.0,438,$$,11238,True
e-XgOOm0X4Lk-gAX45Bj1Q,Baciccia Pizza e Cucina,Italian,40.663816,-73.98448,4.5,118,$$,11215,True
IIsJN_ilLI36zGAF3SMCCQ,La Piccola Cucina,Italian,40.8015,-73.96534,4.0,116,$$,10025,True
pk89jzL1RsE9U0thf_z6tw,Locanda Verde,Italian,40.71986013008011,-74.010039072422,4.0,1645,$$$,10013,True
7cjT33LfYSk7vrRdEaSr4w,Angeletto Restaurant,Italian,40.753188,-73.969365,4.5,220,$$,10017,True
V3USzFEGhuoXez4G2Rk11A,Tavola,Italian,40.755403,-73.994516,4.0,973,$$,10018,True
EL5Y6BSinmUte5VW4Eh54Q,Frank,Italian,40.726848320538295,-73.98871720386491,3.5,701,$$,10003,True
acXWoQ2wZnpzRV-0V58YTQ,Bevacco,Italian,40.69926829999999,-73.99230959999998,3.5,245,$$,11201,True
xPmCy25F1-uq-1vAP_1TBQ,Piccante,Italian,40.63319,-74.02741999999998,4.5,184,$$,11209,True
fH8DkdRerw5LJ7fZZHRfeA,Leuca,Italian,40.722121,-73.956678,4.0,330,$$$,11249,True
uYHN9Vw3V1ajDGRnNDtbYw,Michael's of Brooklyn,Italian,40.6076329987397,-73.9428921973385,4.5,250,$$$,11229,True
wZkZmjZEJDraLJgAalnHvA,Pisticci,Italian,40.8141624,-73.960288,4.0,876,$$,10027,True
XfOa_KyrV7JSFJMOKckGMg,Monte's Trattoria,Italian,40.72959,-74.0011,4.0,358,$$,10012,True
l7Z0p-PkSwIDPLPY1TRl8A,Emilio's Ballato,Italian,40.7244923,-73.9944022,4.0,353,$$$,10012,True
R3gSQGB3aEmVpwbKIgOPqg,FABIO CUCINA ITALIANA,Italian,40.75667,-73.96911999999998,4.5,345,$$$,10022,True
ZamvzoxEKiJEboO0ZUdogw,Amici Ristorante,Italian,40.71981,-73.99722,4.5,24,$$,10013,True
cGqMEMQFtkB3hIGfLy2R3A,Bar Pitti,Italian,40.729047,-74.002153,3.5,1053,$$,10014,False
BXiX5-ce4NNxsw7eUDZeOg,Giovanni's Brooklyn Eats,Italian,40.6601105,-73.9835205,4.0,477,$$,11215,True
0axnkZlDiQcJVc06DDXxGQ,Ristorante Il Melograno,Italian,40.765428968516105,-73.9914178848267,4.0,324,$$,10019,True
vbGqzhH_exG5HOG1I23kvg,Park Side Restaurant,Italian,40.743843,-73.85611800000002,4.0,738,$$$,11368,True
3P8hb1ZOCA8IjEGfqpSpxg,Sfoglia Restaurant,Italian,40.783535,-73.95271899999999,4.0,283,$$$,10128,True
eODPY5rejL6CYvN4DEqwrg,Nostro Ristorante,Italian,40.660738,-73.99428499999998,4.5,260,$$,11215,True
nVtJOWn3XlL6MSZ-YnU6iA,Da Francesco,Italian,40.71833400000001,-73.944686,4.0,124,$$,11211,True
o2SAcKbfOMkA71xUfyee6Q,Rossini's,Italian,40.74921,-73.97883,4.0,211,$$$,10016,True
xKIv_b2L2pUHmsoJ-xOepg,Gran Morsi,Italian,40.7142052394856,-74.00775354945391,4.5,385,$$$,10007,True
Q1_UvNyONsaVS_VC1mD9Dw,Osteria Cotta,Italian,40.78554000000001,-73.97263000000002,4.0,896,$$,10024,True
3D6UAhoKnF3A03rX_v5ngA,Bacaro,Italian,40.71456,-73.99154,4.0,390,$$$,10002,True
QObHX0yR6zd0WfksRDbJTA,Becco,Italian,40.76083,-73.98980999999998,3.5,2845,$$$,10036,True
MCnexHfsclcOpLHS4_2U0A,San Carlo Osteria Piemonte,Italian,40.72517,-74.00211999999998,4.5,213,$$$,10012,True
YFvF4r2D-wJOgJAOvanaZQ,Gnoccheria By Luzzo's,Italian,40.723315,-73.98313900000002,4.0,425,$$,10009,True
idxD3X7WfLFPZMoFnCRIQQ,Il Cantinori,Italian,40.7322779619352,-73.9929321762328,4.0,246,$$$,10003,True
JLpEKUYAtzBRQwsUL3RPIA,Il Corso,Italian,40.762441,-73.97720600000002,4.5,354,$$$,10019,True
St8a2de1vfyCxwIySBUWbA,Graziella's,Italian,40.690456390380895,-73.9696273803711,4.0,423,$$,11205,True
clOFor0bFSjse7EUfdRacg,Faro,Italian,40.707407,-73.922839,4.0,281,$$$,11237,True
LXdblKc5g1Dp17xiV-Am1w,Trattoria Dell'Arte,Italian,40.765295646702,-73.98046281606,4.0,1022,$$$,10019,True
gls8Eii-vgwKScOCNQWz9w,Cafetal Social Club,Italian,40.724308,-73.994457,4.5,129,$$,10012,True
skLDCHQcmivdGx5Qd_qBIA,Il Passatore,Italian,40.71431,-73.94216999999998,4.0,377,$$,11211,True
NqYET0OyJKGfm9dJG8iDcg,Piccola Cucina Enoteca,Italian,40.726284,-74.002151,4.0,302,$$,10012,True
5pRxCYQppSq0czjFDN9X3Q,Campagnola Restaurant,Italian,40.768817,-73.954833,4.0,264,$$$,10021,True
-58--bg-KKUNArp18U4llA,da Umberto,Italian,40.7396659851074,-73.9958267211914,4.0,174,$$$,10011,True
cRUuiiEW7F0uqtgSG-sKCg,Mama Maria's Restaurant,Italian,40.68356,-73.99517,4.0,122,$$,11231,True
C8Ctyq7pXOPESK8cz_X2CA,Pomodoro Rosso,Italian,40.776398,-73.979288,3.5,317,$$,10023,True
2Ga76-_btMgRTcHPy7kAUg,Ortobello Restaurant,Italian,40.6142763970316,-73.9807206406357,4.0,259,$$,11204,True
yQ7K4uFnxXxpBVbnOSR8kA,Polpette 71,Italian,40.77668,-73.97888,4.0,163,$$,10023,True
26emJlm1YMFyOCezfgVk4g,Da Raffaele,Italian,40.753538691313295,-73.96660108119251,4.5,182,$$,10022,True
f_1BjTChf6bobreSRpqhsw,Arco Cafe,Italian,40.79884620000001,-73.967065,4.5,270,$$,10025,True
I0i9YzRBQn6MKIUFIHpeBQ,Park Italian Gourmet,Italian,40.7562054271632,-73.9814829826355,4.0,200,$,10036,True
Ry9w-jFALWYhazi6jjyIKw,Rucola,Italian,40.68562,-73.98586999999998,4.0,497,$$,11217,True
kIm0oeOaVfC9-2flLPVklA,Patrizia's Pizza and Pasta,Italian,40.7398415,-73.9792862,4.0,626,$$,10016,True
yB4ziqFM_7V8JxJas7CHfA,Ulivo,Italian,40.7447371960713,-73.9880339428782,4.0,310,$$,10001,True
qrcu1K6f8WGMODdq_A8unw,Volare Restaurant,Italian,40.731543439663895,-74.0006124973297,4.5,134,$$$,10012,True
w0YkRy2gsr0znrM7ojZtTw,Scottadito Osteria Toscana,Italian,40.674662700000006,-73.9766125,4.0,897,$$,11215,True
d15lwNLOlLSeaAYqPadntw,Sam's Place,Italian,40.749270880468,-73.977082744053,4.0,249,$$,10016,True
JrJRfpGicISz_Gt9LkPMvw,Belli Osteria,Italian,40.683519983835396,-73.96690241624759,4.0,254,$$,11238,True
eAvP3Q0NCpJs9U0X1pEf-A,Caffe E Vino,Italian,40.68971,-73.97827,4.0,315,$$,11201,True
gyWc5qJRvu26LVQIShdR4Q,Babbalucci,Italian,40.80894,-73.94496,4.0,406,$$,10027,True
yETcEIV9G7qxdwPdbivCmQ,Piccola Venezia Restaurant,Italian,40.764759999999995,-73.91177990000001,4.5,249,$$$,11103,True
V0zC3awsklyxC0GFzmaTLg,Sfilatino Italian Gourmet,Italian,40.76750560000001,-73.9851073,4.0,183,$$,10019,True
WyyJAcQwfOxKPLgIYetSKA,Caffe Buon Gusto,Italian,40.6945304,-73.99407020000002,3.5,208,$$,11201,True
gjZpcE-X4zQOEqWQPelLgg,Max,Italian,40.716879999999996,-74.00835,3.5,443,$$,10013,True
JBthOvTegHbrLDiVaCAy5Q,Bigoi Venezia,Italian,40.770036,-73.9577755,4.5,262,$$,10021,True
lQ87D3INFtCoGAuo715_jw,Mama Capri,Italian,40.68332,-73.99264000000002,4.5,42,$$,11231,True
l7OsDvMOO3ji3fg0nT0QzA,Tony's Di Napoli,Italian,40.76441,-73.96427,4.0,702,$$,10065,True
3uyBZNbDk2vRFBBWZOdIUA,Dominick's Restaurant,Italian,40.85434,-73.889,4.0,353,$$,10458,False
ieoPAi6nbdEkrwv4vGVSwg,Via Trenta Osteria,Italian,40.764908,-73.91654,4.0,475,$$,11103,True
hVqZ4vihjL1gFTD-KdX-Tw,Gennaro,Italian,40.791779999999996,-73.9718,3.5,389,$$,10025,True
T-RXDLq_VEv7s1_SooYIYQ,Osteria 57,Italian,40.73467,-73.99786,4.5,163,$$$,10011,True
jj_SCEzBi_CdZWMTjTwf_Q,Monte's,Italian,40.6775499,-73.98724,4.0,145,$$,11215,True
goqTQ4tOD-asC_ZJBW9l7w,Patsy's Italian Restaurant,Italian,40.76553,-73.98274,4.0,918,$$$,10019,True
U8Ljrx-w5otdMZNFhw5piw,La Villa,Italian,40.6743319055498,-73.9816949398812,4.0,531,$$,11215,True
cyLw0vW5MrsF35-A6Dy03w,Saggio,Italian,40.8514099281625,-73.9395604556239,4.0,618,$$,10033,True
2Nwmd7-1d1rI6lb9QSSYYA,Sola Pasta Bar,Italian,40.72229,-74.00403,4.0,266,$$,10013,True
HJwXGxmXdB1X3gfCZMujjg,Broccolino,Italian,40.6819311529398,-73.9762727916241,3.5,273,$$,11217,True
5MpWHGQ6Qc-M4q1KL_nioA,Bar B,Italian,40.7395804,-73.99911800000002,4.5,185,$$,10011,True
-8_vEcBA2Lqd8786S-Ss-g,Novita Restaurant,Italian,40.73918,-73.98629,4.0,340,$$$,10010,True
1-tTWAxTZq3fpt-Pm1iHjA,Sapore Di Italia,Italian,40.698997,-73.9200786,3.5,126,$$,11237,True
9Zv7Xu380q2rzPSLEXX0Xg,Joe's Restaurant,Italian,40.707518,-73.903177,4.0,208,$$,11385,True
jku9Fg8JsUbv_LQzg6PK4g,Lavagna,Italian,40.724059999999994,-73.98226,4.0,387,$$$,10009,True
QQpQujXQGbZBK6BeAokzDA,Pomp & Circumstance Dining,Italian,40.714166,-73.949612,5.0,77,$$,11211,True
WEhkGLKlj-5X1pq_07Syaw,Vesta,Italian,40.76961,-73.92775999999998,4.0,694,$$,11102,True
UjzSeETESWzramhdOdWKKQ,Tartina,Italian,40.8035073,-73.96365909999999,4.0,269,$$,10025,True
yi6jIxzHo-nbAOG4KWuqcw,Maialino,Italian,40.738437,-73.985686,4.0,1386,$$$,10010,True
YdFFUP3-PBzBsE3j75XwaQ,Panzerotti Bites,Italian,40.683715,-73.99226999999998,5.0,135,$$,11231,True
b6jOwyX4iaagw8YjXqq1sA,Antonio's Trattoria,Italian,40.854131,-73.886601,4.5,824,$$,10458,True
C3E8CVVwzKtOv_sRR1WuRQ,Salumeria Rosi,Italian,40.77932,-73.9809,4.0,496,$$$,10023,True
17OE3Vgm-QN98Ro0AS-A3g,Provini,Italian,40.66336,-73.9815,3.5,193,$$,11215,True
z7H9ApIGopnDnQaglnPTzg,Allora Ristorante,Italian,40.75433,-73.97277,4.5,603,$$$,10017,True
iXV4FMZPru7BB_nwN_8mVw,Maiella,Italian,40.7470416595732,-73.95657900243499,4.0,959,$$$,11109,True
b6Tpm0PsDqLYZFUuqNte-g,River Deli,Italian,40.69368,-73.99858,3.5,187,$$,11201,True
jSrDUsCXkKqbBQ9sqDLFcg,Magna,Italian,40.76371,-73.831117,4.0,135,$$,11354,True
LYkx0_gmy-RrJQBPYzulNg,Ponte Vecchio Restaurant,Italian,40.62117,-74.02923,3.5,177,$$$,11209,True
y_tRUBOu3qg7lkaO2Xk1hQ,Frost Restaurant,Italian,40.7183867,-73.94349059999998,4.0,160,$$,11211,True
Yubu48l7he-qrNDSeAngbQ,Via Vai,Italian,40.7741502,-73.9123089,4.0,217,$$,11105,True
hwR54p9AWwrOATd41l351w,Alberto Restaurant,Italian,40.711109161377,-73.8534774780273,4.0,201,$$$,11375,True
cKGi-erQrad9lf87VH6cjA,Antica Trattoria,Italian,40.7047141919752,-73.8961777844279,4.0,133,$$,11385,True
rnKaWpMX5OZlQkKVZa-o3A,Claudine's,Italian,40.681266784668004,-73.99391174316409,4.0,119,$$,11231,True
FNxOWxts63oDRKwy9Pbfzw,Tarallucci E Vino - Nomad,Italian,40.74365529999999,-73.9852171,4.0,172,$$,10016,True
QhRQE6nOMLd00kV2k-IsbQ,Augustino's,Italian,40.75024000000001,-74.02731999999997,4.0,305,$$$,7030,True
oUVX94JtKyLPXozC2hemCg,Manetta's Ristorante,Italian,40.742669,-73.951806,4.0,389,$$,11101,True
E1RvMNZ4re4TnKarjx14Zw,Cacio E Pepe,Italian,40.7307352,-73.9862681,3.5,541,$$,10003,True
wTaomJ5xoi-c7R_xKFmcpA,Positano Restaurant,Italian,40.6127378,-74.0339271,4.5,403,$$$,11209,False
h9rymMeMUMOxQ9d93U0YDg,Baker & Co,Italian,40.7313423,-74.00289959999998,4.0,643,$$,10014,True
nTt5cLJVcmBdM640izladw,Carmentas Italian Specialties,Italian,40.70114,-73.92676999999998,4.5,100,$$,11221,True
TzVVPWK_4dhdSEpNqZwIhQ,Toscana 49,Italian,40.7556957079225,-73.9717184007168,4.0,242,$$$,10017,True
foRWizWrQ32g6Vv4g9UTnA,Nocciola Ristorante,Italian,40.7973406168505,-73.93829237669709,4.0,225,$$,10029,True
5DoCTugT9AF-P3VspApsyQ,Aita Trattoria,Italian,40.6712095108944,-73.95792555865971,4.0,186,$$,11238,True
TsYrzVVtkKO4Asrk_L9stw,Parm,Italian,40.7764333,-73.97940190000001,3.5,568,$$,10023,True
TZto7AjdA337XIw66AOpUw,Scalinatella Restaurant,Italian,40.76278232038021,-73.96548293530941,4.0,276,$$$$,10065,True
zww7OtudkcE921UT2ThOSg,Camillo,Italian,40.6596,-73.95081,4.0,145,$$,11225,True
eVk4F9ixl89zyUHJ1G2Aiw,Luzzos La Pizza Napoletana,Italian,40.730616,-73.9834846,4.0,1049,$$,10003,True
Z3S0qvlgerRBGwXWsJ9SeA,Passatempo,Italian,40.715868,-73.964149,4.0,61,$$,11249,True
IxwuIDcpRa7EpQs7V481Ww,Il Gattopardo,Italian,40.7614994602915,-73.976308999227,4.0,163,$$$,10019,True
sB8-R8-FYj-kJrSzTlbmgw,Coppola's West,Italian,40.783163742430894,-73.97891594232792,3.5,310,$$,10024,True
OXwE8UzYV0kvQpV5Bv6nHQ,Anthony's Place,Italian,40.5928522,-73.95054470000002,4.0,198,$$,11229,True
J9xVQScnr0lYWl61_mLXMA,Lido,Italian,40.8049797781916,-73.95482600146241,4.0,1007,$$,10026,True
ntQ7O1YPMIOrQkynhXRBVg,Manducatis,Italian,40.7445948529884,-73.94906958475092,4.0,140,$$,11101,False
VXyk19eG4B2I6noumvfHCw,Gargiulo's,Italian,40.57641,-73.98244,3.5,239,$$,11224,False
wUoLj0v2cJ9T4mgebQqoZw,Giardino D'oro,Italian,40.70758,-74.00715,4.0,98,$$$,10038,True
YT5Ywu9y190B4IGIlBetzA,Morandi,Italian,40.73534,-74.00151,3.5,692,$$,10014,True
H5L18XZRHh_13HaeeHH_sQ,Casa Di Napoli,Italian,40.773718,-74.0306062996387,4.0,117,$$,7087,False
VF3wSCRC3mE6JpBQPQXELA,Parm,Italian,40.72303,-73.99566999999998,3.5,750,$$,10012,True
SpyQHasbnU5YkOR6PI4sNQ,Margherita NYC,Italian,40.71898651123049,-73.99693298339841,4.0,301,$$,10013,True
hV26aNvpfq5g34SI6_gvJA,Mama Rao Cucina Italiana,Italian,40.6291809,-74.0057526,4.5,221,$$$,11219,True
xKZSIBaGkXX7ppIceuhiQQ,Buca di Beppo Italian Restaurant,Italian,40.757923,-73.98521600000002,3.5,432,$$,10036,True
Njr_f1J5Pve35OyPdBljVA,Convivium Osteria,Italian,40.68105,-73.97748,4.0,487,$$$,11217,True
if6ZZopcH51YQ7E3y4BxaA,Tuscan Hills,Italian,40.718921,-73.83924429999998,4.0,414,$$,11375,True
H_TGP2AgX3IUmzq8Aml79Q,L' Angolo Tribeca,Italian,40.71734,-74.01044,3.5,143,$$,10013,True
-Td-YEPTOUq2H3LRWgRxUw,Non Solo Piada,Italian,40.75414,-73.99245,4.5,346,$$,10018,True
t-Pm38_XhMnGfOYgkhaNRA,Le Fanfare,Italian,40.736202,-73.955558,4.0,184,$$,11222,True
WHQpLvxkCK_BMtF8pIShnQ,Carroll Place,Italian,40.7287,-73.99971,4.0,1108,$$,10012,True
Zub6WrbrS_4XMI1mPbyeiw,Panineria Italiana,Italian,40.73209652668515,-73.99567476701654,4.0,214,$$,10011,True
-tQ9Zlb5d9PPlDz_6UgV7w,Antica Pesa,Italian,40.71884,-73.95865,3.5,374,$$$,11249,True
faukkggAc_tuJ4THYlf4fg,La Masseria,Italian,40.760868632783996,-73.98634880286801,4.0,604,$$$,10036,True
Vm6_cXz8hbvZhot0m1aaRg,Italianissimo Ristorante,Italian,40.7765,-73.95196999999997,4.0,121,$$$,10028,True
Tgi-rDD3mxFi9uGybZxdaQ,Faun,Italian,40.678271,-73.96888299999998,4.0,160,$$$,11238,True
JliAIBARXi9uISzNG26DVw,Elio's,Italian,40.7767632368091,-73.9526632086427,3.5,245,$$$,10028,True
5ZEFbq_AQV5VQFG2JKYzlA,Giorgio's of Gramercy,Italian,40.7394209879325,-73.98854255676271,4.0,750,$$$,10010,True
ddyYKrNWkdc5mudrmLaTvA,Flora,Italian,40.66452,-73.97989,4.5,72,$$,11215,True
9mawr6QwVHm5q8JRXPFjPA,San Marino Ristorante,Italian,40.72697,-74.00610999999998,4.0,153,$$,10014,True
XyICIfSun7HWtBEUFux2PQ,Bocca Di Bacco,Italian,40.7445631,-74.00307790000002,3.5,191,$$,10011,True
GBxnLvHAbpv9YU4GWfkASw,Patrizia's Of Sheepshead Bay,Italian,40.5838270971647,-73.9496481877971,4.0,175,$$,11235,True
ip733nbgjaMMazfQ-Ibhgg,Fiat Cafe,Italian,40.72143300000001,-73.995689,4.0,600,$$,10012,True
kNxYppnUMQEBj7TU6burmg,Portofino Ristorante,Italian,40.7189866692474,-73.83980467915529,3.0,311,$$,11375,True
UpnHg_984LLZ28-kBB5MSQ,Bella Luna - NYC,Italian,40.787762,-73.971458,3.5,290,$$,10024,True
3qIISjUYn1tbqHXi7nCLXg,Sofia Wine Bar,Italian,40.75502,-73.96913,4.0,650,$$,10022,True
E2zKMwHhz4--dyplQ7gf8A,Pappardella,Italian,40.779283299999996,-73.97769670000002,3.5,600,$$,10023,True
tsvElYYtUBAEdfK6plnxlg,Villa Mosconi,Italian,40.728590000000004,-74.002,4.0,195,$$,10012,True
iQTPjiskoE0jfHsoBSR1Jw,Rocco's Italian Sausages & Philly Cheese Steaks,Italian,40.752730753346796,-73.9125879583358,4.5,170,$,11101,True
hyBM_Xk9Hzp38acTHAHlBQ,dell'anima,Italian,40.76234,-73.99695,4.0,641,$$$,10036,True
mwvukHjc7Trs5fRbZ4-TsA,Fabbrica Restaurant & Bar,Italian,40.719642900000004,-73.96266429999999,3.5,288,$$,11249,True
LnMRZhKtOrW1eL04FiPYTg,Senza Gluten,Italian,40.7290911050589,-74.0003699151971,4.0,584,$$,10012,True
81ATGBKh1Ke6EX_L3qHaIQ,Ferdinando's Focacceria,Italian,40.68440563514792,-74.0018677711487,4.0,193,$$,11231,False
3X3n5JtRZHwOlHnMkQTjfw,Cappone’s Salumeria,Italian,40.701815,-74.01209833,4.0,41,$$,10004,True
AJm2xwuMmDSJv743qRY4WQ,Luliano's,Italian,40.62849,-74.02917,4.5,54,$$,11209,True
RPP_wHhM8yZYIP5W-YHk6Q,Fumo,Italian,40.80284,-73.968119,4.5,88,$$,10025,True
vjj3MMPkULJUCv8xf3XRiA,San Matteo Takeaway,Italian,40.7801684,-73.95028990000002,4.0,156,$$,10128,True
J0c8ZtHPf08TMVeojPkNkQ,Verde on Smith,Italian,40.684437,-73.992234,4.0,631,$$,11201,True
InmlNc9iVwzXBqRIB8T19g,Russo's Mozzarella and Pasta,Italian,40.6657676696777,-73.9822006225586,4.0,198,$$,11215,True
qTHBQdWfw1RSCjQwoUcLiw,Lucciola,Italian,40.79039,-73.97251,3.5,112,$$,10024,True
G-b9kvnRh0pLi4fsdcmwjg,Joseph's Restaurant,Italian,40.70499,-74.00961,4.0,74,$$,10004,True
EU47dsc_vvByG3qPIMyRog,La Locanda,Italian,40.7178382873535,-73.9446640014648,4.0,86,$$,11211,True
g5RqTm1v8Stsm3MXL19Adw,Roman's,Italian,40.689671,-73.96953,3.5,230,$$$,11205,True
dMrF98GlFYIPKYY5NVZHbw,Gemma,Italian,40.72609,-73.99166,3.5,662,$$$,10003,True
NGzwDLroGL4JvG81BWliNw,Armondo's Italian Restaurant,Italian,40.7545652,-73.89344140000001,4.5,56,$$$,11372,True
wp5BpfUi9Aa4T0Gk0bnhag,Altesi Downtown,Italian,40.72511,-74.00333,4.0,83,$$,10012,True
f8TZ_ctcSwxwW8S69YKnwg,Il Bambino,Italian,40.76281,-73.92089,4.5,1240,$$,11106,True
dsgzaF4lODoOj1Mu1Cf_bQ,La Casa Bella,Italian,40.590666,-73.991456,3.5,264,$$,11214,True
Jwb556DrGTEZryeV7XgZmQ,Bar Primi,Italian,40.725639,-73.991714,3.5,634,$$,10003,True
HPvz-PHt2PYWV_X9eQSlnA,Il Cortile Restaurant,Italian,40.718005,-73.99826800000002,3.5,558,$$,10013,True
XO43OJWeAOS0Z-hqzhKgvQ,Zio Toto,Italian,40.624732,-74.030242,3.5,187,$$,11209,True
Zs-IWJ6vpGK3GcmFrBecXQ,Aroma Trattoria,Italian,40.76549,-73.98355,4.5,64,$$,10019,True
ynw6F1JVJN54IvwLeHRn5A,Biagio's Trattoria,Italian,40.7105953741027,-73.8653643749718,4.0,38,$$,11385,False
MH08_pIRKsUSwfkVYxUE7w,VINATERÍA,Italian,40.8064392068585,-73.9540110111145,4.0,488,$$,10026,True
-0fjWWC2SY6kNxGfD8PKGg,Palermo Restaurant & Bar,Italian,40.7769088448014,-73.9212289547099,4.5,219,$$,11105,True
vYnQYMWk_CpV8APtyFWYWA,Patrizia's Of Maspeth,Italian,40.72678300000001,-73.894276,4.0,178,$$,11378,True
vjubSxmdG_HoBBgd39geBw,Nino's 46,Italian,40.7569159,-73.98051600000002,4.0,1239,$$,10036,True
1nQZbtmjODUgPm-QQdKrhA,Milk And Roses,Italian,40.7364097,-73.95508249999997,4.0,388,$$,11222,True
wOq-Jt26jnFf_rhF4r5D6w,Scampi,Italian,40.73902,-73.99358000000002,4.0,249,$$$,10011,True
mkS--Oq4UYJMQizSaKJXEw,Enzos of Arthur Avenue,Italian,40.85442000000001,-73.88893,3.5,268,$$,10458,True
xbrQ2dHuQoFJmNxAuOky4A,Vic's,Italian,40.72693,-73.99319,4.0,484,$$,10012,True
rtivWWzG0XjUuhSrwusTgQ,Fausto,Italian,40.67597,-73.97180999999998,4.0,165,$$$,11238,True
_Klr6rynJ4b_oc7ehRPoZA,Paul & Jimmy's,Italian,40.73682,-73.987251,4.0,107,$$$,10003,True
COVGkASgKQ5aqIGn9evmgA,Arancini Bros,Italian,40.7180351,-73.9882738,4.0,47,$,10002,True
4ixWiPyYysS2i8LAg4qzrQ,La Villetta,Italian,40.7549171,-73.9650879,4.0,88,$$$,10022,True
iQo5aJwTL_ZrXCdPFKq-RA,Isle of Capri,Italian,40.76283,-73.96602,4.0,237,$$$,10065,True
QgEre4IFSHxbUvHMe8S12g,Pinocchio Restaurant,Italian,40.77965,-73.94695,4.0,208,$$$,10128,True
i5cdbiw1KRyg4w0X44ZBwA,Mezzaluna,Italian,40.771125,-73.959251,3.5,146,$$$,10021,True
v64bMLxutTS2MWIrywBczA,Piccolo Cafe,Italian,40.780285,-73.98013399999998,3.5,520,$$,10023,True
W9wDa_EB0h2p5JG6P6lyZw,Pescatore,Italian,40.75538,-73.96852,3.5,381,$$,10022,True
ZhjRaJkfCIVopvamUzrEsA,San Gennaro Trattoria Restaurant Bar,Italian,40.85404652250161,-73.8889484480023,4.0,178,$$,10458,True
u6q1s6c0H9wQwFUJJzAiOw,Gigino At Wagner Park,Italian,40.7052055368065,-74.0184892569177,3.5,285,$$$,10004,True
I0N_QtJy7sLiuW_vmvRIhg,Maruzzella,Italian,40.77135,-73.95379,4.0,114,$$,10075,True
z8TIY5xLeQptbXxZp3LpsA,Felice 56,Italian,40.762862,-73.97539599999998,5.0,33,$$$,10019,True
HD0e3eHwv573qHZOJJitWg,Aurora Soho,Italian,40.723543,-74.003199,4.0,468,$$$,10013,True
ezu7Ai6ADfHDYCklvuipWA,Arturo's,Italian,40.775478,-73.947847,4.0,73,$$$,10028,True
PerCtK0A27ku-cmBVMh5tw,Porto Salvo,Italian,40.823679999999996,-73.91294,4.5,146,$$,10451,False
nTCFXqiQPTvDfnAxHfA64A,Trattoria Tra di Noi,Italian,40.854929999999996,-73.8869,4.0,140,$$,10458,True
AbNXFnI4OlWZvsQLGKf64w,Dino,Italian,40.689409999999995,-73.97046999999998,3.5,289,$$,11205,True
KSUtWeFngYHhNff9DfjVBQ,Forno Pizzeria E Trattoria,Italian,40.73274,-73.89556,4.5,176,$$,11378,True
QUTSHrHw3qRZjf749VM1Yg,Serafina Osteria,Italian,40.76273,-73.97155,3.5,131,$$,10022,True
o7ebhiCJTSsp43ynRDB1qA,Cipriani Downtown,Italian,40.723566999999996,-74.003003,3.5,317,$$$$,10012,True
6AWiJUeP4FINQF48az-bkQ,Pasta Eater,Italian,40.73765,-73.99134000000002,4.0,121,$$,10003,True
13GEQ-lgTcydZda7lhv_hw,La Palina Restaurant,Italian,40.610958000000004,-73.9788477,4.0,183,$$,11204,True
Fu7J2Fwoj_S6Jpg9dULzKg,Pepe Rosso To Go,Italian,40.72723,-74.00163,4.0,355,$$,10012,True
-KrQ1gOiyXCbffsWyc5SNQ,The Leopard at des Artistes,Italian,40.773515,-73.978841,4.0,230,$$$,10023,True
MPblH3J1kpbNGL4C4U7RAQ,IL Carino Restaurant,Italian,40.77945,-73.95019,4.0,67,$$,10128,True
77llOAEwInvK-oC2AHZ4nQ,Coppola's East,Italian,40.74165,-73.98154,3.5,338,$$,10016,True
Kz7hn14j6KXf_gYeC99rUg,i Trulli,Italian,40.74207,-73.98361,3.5,365,$$$,10016,True
mOoZZa6WIsgihc_TqyQcXw,Tarallucci E Vino -Union Square,Italian,40.7381367771909,-73.9907283558044,3.5,371,$$,10003,True
cpN0ixPR2l3QFA8Uf1BhCQ,Luna Rossa,Italian,40.77659600000001,-73.950351,4.0,117,$$$,10028,True
vFsjObMTImsnM_DzVo4N3g,Bocca Cucina and Bar,Italian,40.73826,-73.98886,4.0,385,$$$,10003,True
zjglOaCY8xQu3s2eKnLFzw,Mozzarella & Vino,Italian,40.76204,-73.97718,4.0,261,$$$,10019,True
rTzojTIarMjh_X7YPliySw,Zio Luigi,Italian,40.74386320000001,-73.9220898,4.5,140,$$,11104,True
iV5yy8EbjsPoYWtjRhB61Q,Nica Trattoria,Italian,40.7756431,-73.950783,4.0,136,$$$,10028,True
wnXdgkWYN0p4SEl_AdMzLA,Bar Toto,Italian,40.6669,-73.984672,3.5,266,$$,11215,True
GVF4kvXupD18afjpLiPLHA,Marco Polo Ristorante,Italian,40.682197570800795,-73.9956817626953,4.0,140,$$$,11231,True
MTQpqHo-cCAPK7c9fd6zHw,Il Mattone,Italian,40.720799,-74.0091255,4.5,89,$,10013,True
HSKcCmRFqzqG542Hy_eftw,Siena Cafe,Italian,40.78073,-73.953,3.5,211,$$,10128,True
XlhWNQRGoWyybfXpGBgE3Q,Il Mulino New York - Uptown,Italian,40.764144,-73.97019499999998,3.5,233,$$$$,10021,True
PQd4M3cuSgdweWgLgZIslQ,Inatteso Pizzabar,Italian,40.705657099999996,-74.0172056,4.0,319,$$,10004,True
u5zbsITgkFbAlRq0j-XE-g,Serafina Broadway,Italian,40.7645,-73.9819,3.0,619,$$,10019,True
lgFApPVpbXnsIFw1CRJORw,Cellini Restaurant,Italian,40.760115,-73.972686,4.0,149,$$$,10022,False
dvkQIG20RjgNi-SwRr_1CQ,MAMO Restaurant,Italian,40.72186,-74.00381999999998,4.0,254,$$$,10013,True
8cnfXAq6ehOsGRw4rh-dzQ,Sam's,Italian,40.685920715331996,-73.99452209472659,4.0,225,$$,11201,False
XcfZqLrXdABSZLViQ34VTw,Chelsea Ristorante,Italian,40.7405719,-74.00172380000002,3.5,186,$$,10011,True
9lDqOfKeEB15AWfsWIq8mA,Mario's Restaurant,Italian,40.8542,-73.88857,3.5,244,$$,10458,True
19zArMBG2qW2k16Y0i2aBA,Obicà Mozzarella Bar Pizza e Cucina,Italian,40.7400486,-73.98930179999998,3.5,450,$$,10010,True
yc4vsT-Q4Ej1_9hr94DxkQ,Sotto 13,Italian,40.7372,-73.99919,4.0,902,$$,10011,True
X9f5HH4x3Mi7lo4ph9efvQ,Terre,Italian,40.671949831792,-73.9837719490146,4.0,86,$$,11215,True
vEYEs9McRtRdKBp2XfRNZA,Finestra Restaurant,Italian,40.76751,-73.95288000000002,4.0,90,$$,10021,True
y800EdmdRpesUgQYN4VXNw,Caffe Reggio,Italian,40.73022810000001,-74.0004194,3.5,619,$,10012,True
BeE1tVTCmorm31fwXvX7Wg,Ora di Pasta,Italian,40.7644615,-73.97386170000001,4.0,176,$$,10019,False
gSOnfmJaEFvoH55xfieHPA,Macchina,Italian,40.74094,-73.98139,4.0,144,$$,10016,True
M8YwGe-wHwBGRz3DbTpqDQ,Piccolo Sogno,Italian,40.7524351,-73.78584359999998,4.0,182,$$,11358,True
4eGCuMwKRCCrYHOobEsFpA,Lusardi's,Italian,40.7724199,-73.9555,4.0,208,$$$,10075,True
z-y9GDoRr1S9Ma6b2n0A4A,Enoteca Maria,Italian,40.642,-74.07729,4.0,388,$$$,10301,True
NlmP5x_Ykznd55Dc85ChUg,Nittis,Italian,40.7567,-73.99410999999998,4.5,158,$$,10018,True
gTEoEsssfbjl76Opf5bP9g,L'Amico NYC,Italian,40.747174,-73.989956,3.5,447,$$$,10001,True
O5Cm2yU32-Epf4HKEFAJEQ,Il Postino,Italian,40.75373,-73.96749,3.5,115,$$$$,10017,True
7Tu5l9UfWVi_v3m4TwJAxQ,Caffe dei Fiori,Italian,40.76935,-73.9627,4.5,78,$$$,10021,True
7S8g0G_Ndc3DS-kqsozq8Q,83 1/2,Italian,40.775354,-73.951216,4.0,186,$$$,10028,True
nSk_zCJESMKGLHyJTPPlZA,Bottino,Italian,40.74845,-74.00321,3.5,315,$$,10001,True
syNFp2qrQtXfH4bskQVgaA,Portale,Italian,40.74026,-73.99623000000003,4.0,68,$$$,10011,True
megxpLA5KciBJbW-jNm2RQ,Arno Ristorante,Italian,40.7534599,-73.98841999999998,3.5,214,$$$,10018,True
i4TzhIY8z0KIaBBH1iLZLA,Il Poeta,Italian,40.7108,-73.85454,4.0,234,$$,11375,False
gJg_Gh2lqrCprDzR6ZP9QQ,314 Pizza Pasta & Wine Bar,Italian,40.810854,-73.958384,4.5,83,$$,10027,True
TCPZLIG8mkX0iOD4K3_wAw,Basilio Inn,Italian,40.597421000000004,-74.0637572,4.5,105,$$,10305,True
aHRcUI_UqFNV87GF7WRIDQ,Aunt Jake's,Italian,40.733342,-73.998494,4.0,262,$$,10011,True
JOvcJqD5eCFrGjFa6k7vpQ,Zia Maria - Chelsea,Italian,40.745486299999996,-73.9993392,4.0,244,$$,10011,True
7oNuDMESKejMgJFlkQwxmQ,Avena Downtown,Italian,40.7289,-74.00216,4.5,79,$$$,10014,True
cbhdOSn-nezgnH3lxPJM_g,Sotto Voce,Italian,40.6698989868164,-73.97874450683591,3.5,323,$$,11215,True
DLRbxg74oWNPQJdbSkTDxQ,Suprema Provisions,Italian,40.7326925,-74.00361550000002,4.0,249,$$,10014,True
1uOB_tWZwvI0_HakXfu5Jg,Nick's Pizza,Italian,40.78272,-73.94781,4.0,547,$$,10128,True
FwMyv3CVIxbI6ngodw7s3w,Panino Rustico,Italian,40.610494,-74.003153,4.5,477,$$,11214,True
BiNtCoIGo00Lua93hOrj3Q,Bella Via Restaurant,Italian,40.7442460458798,-73.95375447235259,3.5,373,$$,11101,True
ywP0OEqRC6sp4NK1-QhW-g,Parm,Italian,40.7144510120714,-74.0161083107869,3.0,375,$$,10080,True
aLM9irVFlNoVlS9dGuW_Lg,Amata,Italian,40.759426,-73.967063,4.5,84,$$$,10022,True
qYDoWRdntIApGW6fEUHWIQ,Biricchino,Italian,40.7488743961,-73.99548394314141,3.5,120,$$,10001,True
889z8wsV9R1X2CAp63wrsw,Casa Apicii,Italian,40.733818,-73.99874200000002,4.0,147,$$$,10011,False
Cnqy9w1BFXZFEaChfox0ow,Rosemary's,Italian,40.734863,-73.99974,3.5,982,$$,10011,True
fTNOwKJ9YbxoIShABCKXdA,DeGrezia Ristorante,Italian,40.755512,-73.969415,4.0,102,$$$,10022,True
e_2o3neKJ5vwDXKd70XLBg,Uncle Peter's,Italian,40.75598,-73.88382,4.0,223,$$,11372,True
ZSDq6s2BFnvZEU4apxXbew,Di Palma Brothers Restaurant,Italian,40.80895200000001,-74.007419,4.0,122,$$,7047,True
qZK3e3kZAuyVlNrFNjBZ3A,Enoteca on Court,Italian,40.682136535644496,-73.99571228027341,4.0,254,$$,11231,True
R86cJxXMiXRyqzlF24esgg,Lexington Pizza Parlour,Italian,40.78928300000001,-73.9487429,4.0,213,$$,10029,True
MT_a_Tg3ENdxqZFQyJocgQ,Joanne Trattoria,Italian,40.77456,-73.98026999999998,3.5,508,$$,10023,True
v1M1HIQBVwYatEF_iOmedw,ViceVersa,Italian,40.7635858415079,-73.9866799425418,4.0,254,$$$,10019,True
P6mNpH4eBPA-42Z0PFEqtQ,Regina's Grocery,Italian,40.715472,-73.991795,4.5,55,$$,10002,True
ifIfq2EwEohCgoKnG68_LA,Villa Berulia,Italian,40.746782700000004,-73.9806507,4.0,162,$$,10016,True
x61Sizu7lqGPMGuKEGHo-Q,Senso Unico,Italian,40.7414137015591,-73.92168579277809,4.5,75,$$,11104,True
XWNamjD2mSpk56B6z1HT9w,Laico's,Italian,40.703212,-74.095046,4.5,211,$$,7305,True
FDFE8nqstVJT07LquQ2kBA,Buon Appetito,Italian,40.67835,-74.10568,4.0,176,$$,7002,True
iKv8UHV5jTqf4QGdwCmQ-w,Sofia's,Italian,40.624919,-74.030799,4.0,168,$$,11209,True
rupPZLhd0oRSAmVDaeYaGA,Bocca di Bacco Hell's Kitchen,Italian,40.766216799999995,-73.9867943,3.5,640,$$,10019,True
ZlwjT-jygnYqM5qDE0CuLQ,Gigino Trattoria,Italian,40.717259999999996,-74.01055,3.5,256,$$,10013,True
sppl_-Hw-UMX5tlTd_0poA,Serafina Meatpacking,Italian,40.739635,-74.00666,3.0,316,$$,10014,True
zDujEq9qZk13nBcG2PH4tA,Il Falco,Italian,40.747659571437296,-73.94553191236591,4.5,294,$$$,11101,True
xEdAaZTNNHRZbvzBuSjcCg,House of Lasagna,Italian,40.7497237,-73.9775697,3.5,148,$$,10016,True
6NqCJcJvYEdvjI2e0mH0Yw,Corto,Italian,40.74597,-74.04337,4.0,153,$$,7307,True
RiN-EOiQLXlJszhe6HJdZA,Il Colosseo,Italian,40.612231,-73.997545,4.0,199,$$,11214,True
q6ux26c-SfK-679y9lvVbw,Settepani,Italian,40.80435,-73.94766,4.0,228,$$,10026,True
MyVbXtvst8X7sbR7gUA_ug,Cacio E Vino,Italian,40.726384,-73.988873,3.5,353,$$,10003,True
laQ3UStO-W9fkSaM2Y4eLw,Casa Barilla,Italian,40.7608455063764,-73.9793730976227,3.0,285,$$,10019,True
oexDsgqmXc9Qe3fy3uYx7g,F & J Pine Restaurant,Italian,40.848685,-73.86206899999998,3.5,558,$$,10462,True
zTK8reqKrmV7U71YVHYYjg,Armani Ristorante,Italian,40.76184631617979,-73.9742299834671,4.0,238,$$$,10022,True
SbevrHJ2M5Oc8_SHi79YQg,Caffe Napoli,Italian,40.71819,-73.99776999999997,3.0,635,$$,10013,True
uq-jeUk2yNOrfUKdRIpE_w,Piccoli Togo Windsor Terrace,Italian,40.654819,-73.973477,4.0,82,$$,11218,True
Irw7QQBsndbB2ATXeB4pYA,Da Tommaso,Italian,40.7646068,-73.98458120000002,3.5,190,$$,10019,True
sk7oNG7cT6Q21Wc4OCAi-w,Il Sole,Italian,40.86612,-73.92771,3.0,150,$$,10034,True
hvi63FpI8TIhvVLFsvfKWQ,Angelo's,Italian,40.718957,-73.997384,3.5,393,$$$,10013,True
ZUrGqOG2cetGI-KKXk3c2g,Chazz Palminteri Italian Restaurant,Italian,40.756473,-73.980563,4.0,269,$$$,10036,True
elPjOCDb8WmOpaQEI-AAOw,Forno Siciliano,Italian,40.7711294255972,-73.9031770938873,4.0,95,$$,11105,True
AO9ubB1XVqj1hkwOZm-F9A,Villaggio Ristorante,Italian,40.787697,-73.81308,3.5,145,$$,11357,True
F3Zznc4UYAfbdiTgb09-NA,Fratelli,Italian,40.862992,-73.8435449,4.0,88,$$,10469,True
IiDfrdwPZJHbiuHdjaSJKA,Attraversa,Italian,40.71922,-74.00603000000002,4.0,62,$$$,10013,True
x5zOHDirJAMaKtu1TjAgug,Enzo's Of Williamsbridge,Italian,40.85413,-73.85412,4.0,121,$$,10461,True
fmdEiai0e4agyTEqFUWJmw,Amarone NY,Italian,40.7617199,-73.99002,4.0,322,$$,10036,True
r_fUOUhz-pHZxFDV1hzy0w,Peasant,Italian,40.72171,-73.99428,3.5,698,$$$,10012,True
CmYpP-qt1YFDBrBjdPL97A,Amorina Cucina Rustica,Italian,40.67755800000001,-73.969207,4.0,231,$$,11238,True
jDIVPYpxQAk1HUAi0NIlQw,Pazza Notte,Italian,40.7635099,-73.97800000000002,4.0,826,$$,10019,True
nBy8KtcUHktPFKw-VClG1A,La Pecora Bianca,Italian,40.75495,-73.9682718,3.5,247,$$,10022,True
LdWyeeV8DuYINKVTghFwrg,Canaletto Restaurant,Italian,40.76174,-73.96569000000002,4.0,68,$$$,10022,True
r6K5RBfhlNbr-g7g3u13KA,L'angolo Trattoria Italiana,Italian,40.8283599182,-73.9863337576389,4.5,78,$$,7010,False
bEXTA_Gwo2oVg4gnFd9fNA,Ai Fiori,Italian,40.75007520000001,-73.9837835,4.0,1262,$$$$,10018,False
4QGn3I-ZvdFkxgEniosyuA,Jimmy's Trattoria,Italian,40.75857379999999,-73.7682438,4.0,155,$$,11361,True
OmB4X44Ru8gjD6qgSNlXdg,Primola Restaurant,Italian,40.763867499999996,-73.9616489,3.5,131,$$$,10065,True
vXYFa2qzppkGiOiVPrLwDQ,Don Peppe,Italian,40.66898149081779,-73.82163342210409,4.0,573,$$$,11420,True
UQZmhaPAMdZabid6ccvhTg,Il Punto Ristorante,Italian,40.75612,-73.99467,4.0,356,$$$,10018,True
0wzQPZvvbUqhD7D8JNkGZw,Ristorante Grifone,Italian,40.752519899999996,-73.97091999999998,4.0,112,$$$,10017,False
OWAfPuMnSqn7Ru1_RNH8fw,Aria Wine Bar,Italian,40.76413,-73.98826,3.5,410,$$$,10019,True
rpVX-o82EEOX8ZDnM28a_Q,Bistango,Italian,40.75628,-73.97144,4.0,288,$$,10022,True
mYQMjrtHp8vsEKKNsRz1XA,Union Pizza Works,Italian,40.707306700000004,-73.922154,4.0,245,$$,11237,True
piH-TNcmjLq2NHE4ZtbrBA,Zucchero E Pomodori,Italian,40.770683,-73.957319,3.5,204,$$,10021,True
CjahRm-rdwS8IqGR-M0Dyg,AquaMarina,Italian,40.8433196,-73.9388948,3.0,135,$$,10032,True
xzN2k19JXDYjOWAhNw62aw,Adoro Lei,Italian,40.725612,-74.00791600000002,4.5,304,$$,10013,True
KpBHy3eOYh1OV0_6Smxs3w,Nino's Restaurant,Italian,40.598239899999996,-74.0798,4.5,168,$$,10305,True
LSOpxBBa217HxnJ7VnY2WQ,Il Violino,Italian,40.775012,-73.980736,3.5,278,$$,10023,True
jRQeYlGHXgcnrB8R86TKDQ,LÌOLÀ,Italian,40.787059899999996,-73.81588,4.0,73,$$$$,11357,True
c4PIUs7uwg9lA4ObzJ4V5Q,Barosa,Italian,40.726197,-73.869795,4.0,360,$$,11374,True
OLa3-KQO9rHjswo55E3Jgg,Trattoria La Sorrentina,Italian,40.80174,-74.00698,4.5,564,$$,7047,True
8qT2fQh1qVhCVtAODADwRw,I Gemelli Ristorante,Italian,40.87057,-74.04861,4.5,202,$$,7606,True
bJwcf-h06wX6Yo3kVkajww,Giando,Italian,40.710766325009,-73.9692663444951,3.5,210,$$$,11211,True
ZtApaQ9G-lyOfE-Y80tauw,Lea,Italian,40.63932,-73.96799,3.5,331,$$,11218,True
x6u4DehJyvFPJKOOSjhPdg,Villa Erasmo,Italian,40.71685,-73.88626,4.0,63,$$,11379,True
K9kL1ice5jlkPXcNyTus3Q,Pasta Lovers,Italian,40.759899,-73.98299399999998,3.5,365,$$,10019,True
ppUU-p6yH6IMa7d_UrYkaQ,Papa Pasquale Ravioli Co.,Italian,40.61546,-74.00509,4.5,52,$$,11228,True
bppjJw5J8Ht6WgGp1bzPtQ,Porto Leggero,Italian,40.7187593,-74.0349084,4.0,205,$$$,7311,True
4SdvTwFkW3Qx0f_3zBN_ZA,Bareli's Restaurant & Bar,Italian,40.79128220000001,-74.0548778,4.5,139,$$$,7094,True
GVOjDvKHLoo21n3Uip1ETg,Leo's Grandevous,Italian,40.73984,-74.036244,3.5,301,$$,7030,True
WbkM29ZUAJtsatHEPBZtAQ,Attraversa Hell's Kitchen,Italian,40.76364,-73.98678000000002,4.0,113,$$,10019,False
mCLPr3PUwsO_zDehWeahbg,La Fiamma,Italian,40.74706,-74.15431,4.5,119,$$,7029,True
kvFHJYo9rXuqgJkPIlHJeg,IL Nocello Ristorante,Italian,40.78809860000001,-73.8132761,4.0,51,$$,11357,True
yREKlCvSuaxcRSVRsCIDUQ,Acqua Santa,Italian,40.71701,-73.95663,3.5,267,$$,11211,True
dmCqbWwTFHqri_6fr3KlNw,Patrizia's of Staten Island,Italian,40.54748,-74.157845,4.0,555,$$$,10308,True
i3IK1tCkwyXRx7VU1edlMQ,Trattoria Saporito,Italian,40.74104000000001,-74.03013,3.5,253,$$,7030,True
JAWWRCjAjAIKOflewu2gFA,Monte's Brick Oven,Italian,40.8072349,-73.92699250000003,4.0,151,$$,10454,True
l8IORbpTz9EwCmHJ_TRULw,Avere Ristorante,Italian,40.6915079,-73.98496490000002,4.0,20,$$$,11201,True
I8wk0uwL6R0RhSprSlPvNw,Roman Nose,Italian,40.7200279,-74.0433197,3.5,730,$$,7302,True
byye4kc-xGk8qCxR0ZuUdA,Il Posto,Italian,40.6216049194336,-73.90521240234379,4.0,58,$$$,11234,True
vAMKgIUWCrYxjfhceCCNAQ,Sandro's,Italian,40.7742854,-73.9537163,4.0,80,$$$,10028,True
XPuCR_UaPliuNQMzU2pNlQ,Olive Garden Italian Restaurant,Italian,40.75941,-73.98482,3.0,684,$$,10036,True
pTWFuMYed409y99N0zY05Q,Barbaresco Restaurant,Italian,40.76539,-73.96556,4.0,94,$$,10065,True
hot1lIebdQNau05onRum7w,Otto Strada,Italian,40.7466038915745,-74.03116055588909,4.0,339,$$,7030,True
muX5xoh3aOleCrSja_T_FA,IL Tavolo di’ Palmisano,Italian,40.74571,-74.03345999999998,4.5,89,$$,7030,True
Wg4Mu4YXL_1NSVF9LAH_9w,Bartolinos,Italian,40.7607799,-73.92226,3.5,191,$$,11106,True
uboO7T3XSnl8iq0uQWhMXA,Altro Paradiso,Italian,40.72549,-74.00489,3.5,156,$$$,10013,True
7cOibAFiGbSsSWo27SLIgw,Tutto A Modo Mio,Italian,40.8244151,-73.9972534,4.0,344,$$,7657,True
C0BDERmHvzTKYA7fghZW-A,Angelo Bellini,Italian,40.7570801,-73.9685135,3.0,128,$$,10022,True
C3OlQ_y5LcgboyaKlpETYA,Trattoria Casa Di Isacco,Italian,40.75686,-73.99356,4.0,298,$$,10018,True
F2YbqhVr6hBsFrDCyr6M_w,The Meatball Shop,Italian,40.7459138,-74.0015369,4.0,886,$$,10011,True
lP4ynyBoeFPywLg78XkMmw,Cibo E Vino,Italian,40.790206,-73.97491740000002,4.0,319,$$,10024,True
HVSi0slZGjJ6Ktg3AEixGg,Graziella Restaurant,Italian,40.766785,-73.78963399999998,4.0,68,$$,11358,False
HhY7QDRu7EwXTDY4WT1wSA,Serra by Birreria at Eataly Flatiron,Italian,40.74197,-73.9895,3.0,1525,$$,10010,False
Wcnig4807LHZyk8z08IeGw,Arthur Ave Fiasco,Italian,40.854825,-73.887862,4.5,93,$$,10458,True
gvul1x9MMawVzStJpfGoLA,San Pietro Ristorante,Italian,40.7605,-73.97443,3.5,68,$$$$,10022,True
e7jRn5TNlF84k7PuvJ1MOA,Manducatis Rustica,Italian,40.7458575124991,-73.9528775638914,4.0,201,$$,11101,True
3pd_hDK22LH3KVe7oaLKIg,Matteo's Trattoria,Italian,40.7892547,-73.6516396,4.0,143,$$$,11577,True
wvn-FO-tY9_iWmA_OgMvEA,Frank's Trattoria,Italian,40.73612,-73.979473,3.0,141,$$,10010,True
h2HPWsBX3ABNvLHbP3KzqA,La Stanza,Italian,40.74969,-73.9775,4.0,49,$$,10016,True
bjzBkF2FFMsdkCk50xseFQ,Etcetera Etcetera,Italian,40.75926,-73.99115,4.0,431,$$$,10036,True
ejuFKvSfGl0JMZO9yzSXNw,Louie's Pizza,Italian,40.7459,-73.8834,4.5,445,$,11373,True
oRdM7n-AfBPBGAlH4Q0Sag,My Pie Pizzeria Romana,Italian,40.76085120000001,-73.96948090000002,4.5,763,$,10022,True
mmJ72_R1HvpSz6a3l7jYnA,Tiramisu,Italian,40.775153510542296,-73.9569666,3.5,183,$$,10028,True
YmUKLOG4sTAShvyURuq2zw,Trattoria Bianca,Italian,40.752702,-73.99369399999998,3.0,137,$$,10001,True
76y4aMBY0lT6zfJLy2EH-Q,Le Zie,Italian,40.742459999999994,-73.9970699,3.5,307,$$,10011,True
pC_QwLpeL2Enk4hBgDcRqQ,Da Marino,Italian,40.76102,-73.98526,4.0,516,$$$,10019,True
TEOQx97-Zuh8No35ntqy2w,Torna A Sorrento Restaurant,Italian,40.6681744,-74.2184484,4.5,48,$$,7208,True
xwzbRRu2-4Rtl95LjUYwow,Fontanas's,Italian,40.6205339,-73.91703100000002,4.0,56,$$,11234,True
q1F09j4JFRZQJ2e11m7lGg,Salvi Restaurant,Italian,40.617669899999996,-73.93189,4.0,36,$$$,11234,True
KL6AUMQI_Ae7_brkK0fy_w,La Vela Dining & Bar,Italian,40.761082,-73.997872,4.0,169,$$,10036,True
BVg-2qLuc1owrEE1oQjXRA,The 3 Luigis,Italian,40.6882597,-73.96260179999999,4.0,91,$,11238,True
nw85LVh6H3JIiw3ugvhAmw,Lasagna Restaurant,Italian,40.74324179999999,-73.99969159999998,3.5,516,$$,10011,True
rHYwqiWTFs-oOKikxY7kag,Zia Maria-Little Italy,Italian,40.71861,-73.99754,4.0,194,$$,10013,True
TSj3yJCHBMEQ0caKtMX9ng,Gerbasi Ristorante,Italian,40.855704054640576,-73.88741072750854,4.0,160,$$,10458,True
86H4O08GmtaC4YOTUdO3pw,Via Margherita Ristorante Italiano,Italian,40.61454000000001,-74.07295,4.5,33,$$,10305,True
y5b85IZGLxNdksDBFm1GBw,Gene's Restaurant,Italian,40.735408782959,-73.9977264404297,4.0,85,$$$,10011,True
b46yXCppjKNXgOt86AF-pQ,Jardino Restaurant,Italian,40.76686,-73.96249,4.5,98,$$,10065,True
T_vLaKsuyJPDpsrSZuc7WA,Battello,Italian,40.725357,-74.032278,3.5,585,$$$,7310,True
uPe0efNw-uwPybeqccZ1zQ,Osteria Al Doge,Italian,40.75662,-73.9849,4.0,472,$$$,10036,True
2BJCPzGoWnOFgDbvoHi1Tw,Gino's Trattoria,Italian,40.6605221493743,-73.9606475830078,4.0,239,$$,11225,True
qoc8jyoCBW4tw9zspA2K6Q,Jeannie's,Italian,40.766492,-73.980912,4.5,15,$$,10019,False
P1hH4JDmzCX9hs-lZ-GCNw,Prima Sarabella Italian Cuisine,Italian,40.740013718605,-73.9237853139639,3.5,40,$$,11104,True
-VvrQWfbkQWeuGC4L0KcfQ,il Buco Alimentari & Vineria,Italian,40.726453899999996,-73.992549,3.5,541,$$$,10012,True
BpdlX1j1-FbOC1dWIrZv4w,Bella Blu,Italian,40.769207,-73.96279100000002,3.5,259,$$$,10021,True
THKnKxcaYAW4ItT8HMZvhA,Next Door,Italian,40.5838814,-73.9480362,4.0,181,$$,11235,False
GZvelhGenbfJxc4_SG_RJw,Cielo at the Mayfair,Italian,40.76128,-73.9859,4.0,450,$$,10019,True
efYELOeAJ-CjKpzayEfblg,Cornerstone Cafe,Italian,40.7220618263077,-73.983249573445,4.0,1118,$$,10009,True
6n7D4amt9vEruR73tt3S9w,Cafe Fiorello,Italian,40.77134,-73.98190509999998,3.5,783,$$$,10023,True
W8-g8yoLUuLq_US8NqnDhQ,Patsy's Pizzeria,Italian,40.7658680230835,-73.9576601066113,3.5,284,$$,10065,True
u74abDRXzo1vVhM-m5To5g,Dolcino Trattoria Toscana Italian,Italian,40.741607666015604,-73.97857666015621,3.5,89,$$,10016,True
01DAquyaFe54cYXT0SQYhA,Giovanni Venti Cinque,Italian,40.7791457515481,-73.9602393558197,3.5,75,$$,10028,True
ufntl2yxDlAzPJ6G73eAcQ,Regional Restaurant,Italian,40.79625,-73.97094,3.0,383,$$,10025,True
z5-TEI72RVwwtWG4CEggLw,Lunella Ristorante Italiano,Italian,40.720108,-73.997215,3.5,246,$$,10013,True
MoyxzhaYIsJx-p9IuGGK4w,Stella 34 Trattoria,Italian,40.750813,-73.98948399999998,3.5,673,$$,10001,False
24Fe99IbeFWERDVN7QGB4Q,La Vigna Restaurant,Italian,40.71098,-73.85271999999998,4.0,188,$$,11375,True
nvisU3jrXgA7xL5nEt3iXA,Don Giovanni Ristorante,Italian,40.747213800027104,-74.0042828600478,3.5,308,$$,10011,True
9W_dg9fvb-z8DBye2jfGiQ,Dazie's,Italian,40.744194,-73.924557,4.0,87,$$,11104,True
db2QLlK-0xL7Vq0jG-CcJQ,Café Bello,Italian,40.68387,-74.10426,4.0,158,$$,7002,True
i_rg-OLXQbpRUN7O3MeCeA,Piz-zetta,Italian,40.6912834070746,-73.9906029201042,4.5,296,$,11201,True
JaD3WhM5pFGTwC5e7cHaKQ,Riviera Ristorante,Italian,40.78226,-73.79474,4.5,129,$$,11357,True
4YWAdkX4To7SGTRo-A_Wsw,Nonna Beppa Soho,Italian,40.72564000000001,-74.00713,4.5,88,$$,10013,True
DCiEo7qucPaEj7Gtdj1U9A,Sant Ambroeus,Italian,40.77541,-73.96297,4.0,394,$$$,10021,True
VgIiCZoUnujSMZATByk77Q,The Meatball Shop,Italian,40.765180492819795,-73.98748666667059,4.0,388,$$,10019,True
NBgDoMiF4tj5aS7V7zayoA,Antica Ristorante,Italian,40.7206611633301,-74.0043869018555,3.5,47,$$,10013,True
bmcIFCtXLzkQIgLmDVXs3A,Serafina Ludlow LES,Italian,40.720205886879,-73.9884993061423,3.5,93,$$,10002,True
oIpNF3AJwqZlCs9fmpyFOQ,Pasquale Rigoletto Restaurant,Italian,40.8538,-73.88925,3.5,176,$$,10458,True
dWc0ijADaD6ZdclJ5LqQdg,Paola's Restaurant,Italian,40.7846546580287,-73.9558692276478,3.5,184,$$$,10128,True
phB6HvQyOUEZmvgg9KzRmA,Da Franco & Tony Ristorante,Italian,40.843635,-73.836135,4.5,99,$$,10461,True
tBRu4b9oGJ4SiLysD4hT_g,Angelina's,Italian,40.6792,-74.10495999999998,4.0,66,$$$,7002,True
gGkkzrcHh1xS-S55OsuKsw,Santina,Italian,40.739604,-74.008868,3.5,659,$$$,10014,False
dxoCLppcryrHuCt7UUbIVw,Italianissimo Restaurant,Italian,40.59856,-74.06565,4.0,56,$$$,10305,True
l6hRu596DATgmdc7gngg0A,Papazzio Restaurant,Italian,40.764232,-73.771625,4.0,200,$$,11361,True
dsxgbkIKyu7x7JgpAKeZPA,Tarallucci E Vino - Upper West Side,Italian,40.78436,-73.9735,3.5,134,$$,10024,True
PxDPLaLj8349G5MsyMmV7w,L' Italiano Trattoria,Italian,40.74809000000001,-73.76134990000001,3.5,65,$$,11364,True
rlfy0pXZvvkDe7OWsM_tnw,Lorenzo's Italian Restaurant,Italian,40.766890000000004,-74.068584,3.5,96,$$,7094,False
fBDnGXpDXFAgpZDB0XDSvQ,Cappone's Salumeria,Italian,40.742095,-74.005587,4.0,68,$$,10011,True
0O0DV4tKQkp2lS2wGcg_7A,Bin 5,Italian,40.613335,-74.065258,4.5,370,$$$,10305,True
OY70rYTi8Qtmb89IWRUOaQ,Ponti Rossi,Italian,40.7299690246582,-73.95240783691409,4.0,18,$$,11222,True
GAvyDral555vltKrupUcjw,Osteria Laguna,Italian,40.750647,-73.97379980000002,3.5,339,$$,10017,True
UVQ1GxmhlDVDM2acLexJ7A,Roberto's II Ristorante,Italian,40.826943,-73.973692,4.0,91,$$,7020,True
CfFjKWynWAFLO9mUTxe4Zg,Gaetana's,Italian,40.73295257080101,-74.007623322014,3.5,293,$$,10014,True
AhqWTf8ObRg1ZcNRV_vzIQ,15 Fox Place,Italian,40.733709999999995,-74.07251,4.5,119,$$$$,7306,False
Z22s9SoQOndAey4_SULrvA,Mediterraneo Restaurant,Italian,40.764973299999994,-73.96098459999997,3.0,307,$$,10065,True
LQakVBka0axtU8IwOzXyIg,Barge Inn,Italian,40.723859999999995,-74.04890999999998,3.5,87,$$,7302,True
Tias1_QRB5L-gzoSNNhOMA,Petrarca Cucina E Vino,Italian,40.7189,-74.00458,3.5,169,$$$,10013,True
ayh9M3Lmc8Zxa7wsvKH55Q,Piccolino Ristorante,Italian,40.5510515,-74.14969649999998,4.0,87,$$,10308,True
m4MPLIv-WsGdcB7GReE06Q,Quattro Gatti Restaurant,Italian,40.77552,-73.95586999999998,4.0,88,$$$,10028,True
1hZo1zfvLVN687_D7latyg,Daniela Trattoria,Italian,40.75927,-73.98809,3.5,455,$$,10036,True
fvf07pvTuVv-0aF5ZlQBwA,BV Tuscany Italian Restaurant,Italian,40.8883094480635,-74.0195857227539,4.5,171,$$,7666,True
u5gLdI6l6zsPxL2kOYbyfw,Nizza,Italian,40.76018,-73.99113,3.5,752,$$,10036,True
GOEBF8Odq1SPdz4PWJx6PQ,Serafina Always,Italian,40.764789,-73.969779,3.0,337,$$,10065,True
-neJTu9rpYM8-wjwA9WoIA,Lex Restaurant,Italian,40.78252970000001,-73.9535605,3.5,95,$$,10128,True
penftLPo6kx6qCtbsuyLog,Petaluma,Italian,40.7682492,-73.95534740000002,3.5,247,$$$,10021,True
oaowryQAF13ka42VSb8c1w,Spolini's,Italian,40.7074477,-73.83544559999999,3.0,107,$$$,11418,False
O6RBNHBleB0mCb2dAanxCw,Casa Lever,Italian,40.759741,-73.97295600000002,4.0,229,$$$,10022,True
2F-7XCoPS1mbdy9ioqWuqw,Serafina,Italian,40.80043,-73.96828000000002,3.0,78,$$,10025,True
vJemNi12z_2vGf7HjdRb-A,Agostino's Italian Ristorante,Italian,40.8987312,-73.7777863,4.5,43,$$$,10801,True
ps2hjcinEdgnGx-XJ8moTg,Pasta-Pasta,Italian,40.8546061,-73.85492070000002,3.5,68,$$,10461,False
eby9pE6FzmwjoYRVzDpzew,Sette Mezzo,Italian,40.769345538984794,-73.96279335021971,4.0,65,$$$,10021,True
MfO-RVlhi9DjpB4KaEVxwg,Cara Mia Restaurant,Italian,40.7303953764256,-73.7430101318771,4.5,220,$$,11427,True
X8ZS-dgiMIJvhwf9SaDnjw,Wah Fung No 1,Chinese,40.71735,-73.99457,4.5,1517,$,10002,True
2UxAkvKkkWNwqZi9H0OzWw,Dian Kitchen,Chinese,40.72772,-73.98321,5.0,237,$$,10009,True
_XLLSXPIjgoZQtwU3RCcQA,Hunan Delight,Chinese,40.6755282563532,-73.9780712127686,4.0,314,$$,11215,True
lynQoI3w_pzYfHGeuUU-Qg,Shu Jiao Fu Zhou Cuisine Restaurant,Chinese,40.718454,-73.991664,4.5,869,$,10002,True
BkXb82Y2OIsQ5RpNNQOYmQ,China Express,Chinese,40.7061859,-73.95014350000002,4.0,112,$,11211,True
bnDfFdiCcPzhuNWUJORvLQ,Noodle Village,Chinese,40.714167,-73.99880300000002,4.0,1138,$,10013,True
Bwj7nzWphGV6FaZ_ygTSOg,Happy Hot Hunan,Chinese,40.80133,-73.96466,3.5,165,$$,10025,True
rPTX2J5KGDkN1QhPD-QOvg,Bites of Xi'an,Chinese,40.6880326,-73.9819963,4.5,154,$,11217,False
QQfwlKFD6X8-ZXf7gfQZqg,Hardee Chinese- American,Chinese,40.6933441162109,-73.97222900390621,4.5,21,$,11205,False
U2aUFZARLeSMf4RQIxjuTw,Lucky House Kitchen,Chinese,40.6838402152061,-73.9351565390825,4.5,103,$,11233,False
scTDvJ2M2jDbb1ntVeIyxA,Hao Noodle - West Village,Chinese,40.7334863190479,-73.9998929006093,4.0,761,$$,10014,True
rJ4N10Nbh-GM49qOSGFoAw,Old Xi'an,Chinese,40.70591,-74.00747,4.0,214,$$,10005,True
Kqb7MjTPNkjPMoFRd-rWpw,MáLà Project,Chinese,40.72713,-73.98541999999998,4.0,686,$$,10009,True
3fQ9IExhN9KMqGHVm_9AEQ,Wing Cheong Restaurant,Chinese,40.680375,-73.945514,4.0,55,$,11216,True
olRNNJCJ2TJvPRmjBiOcGA,Silky Kitchen,Chinese,40.73297,-73.98829,4.5,227,$$,10003,True
5rX_7IkvFx5MKqS3ikQe3Q,Fortune House,Chinese,40.698455,-73.992805,3.0,127,$$,11201,True
oJjMYhA6z1_BVaQpSdyl8g,Golden Forest,Chinese,40.7167,-73.98945,4.0,180,$,10002,True
Q1TpfbuPwKPFrNFyu-u2_g,Han Dynasty,Chinese,40.691131961003606,-73.9825977757573,3.5,290,$$,11201,True
ye-TSU-mu1Gd5TAJOpI5Mg,Lichee Nut,Chinese,40.694149,-73.99281309999998,3.0,269,$$,11201,True
97q5nUQTuBo_h00XCxna2A,Tasty Hand-Pulled Noodles,Chinese,40.7142,-73.99786999999998,4.0,1624,$,10013,True
Qsc2DrX3IR-uGfwnUlOzcA,Lotus Express,Chinese,40.866264343261705,-73.9245986938477,4.0,72,$,10034,True
54om5q7V4anmIXw2PdNJbA,Chen's Buffet Bar,Chinese,40.70712,-74.00845,4.0,41,$,10038,True
8ig0yf0003DAp4YOGTlbVg,Spicy Village,Chinese,40.71695,-73.99327,4.0,667,$,10002,True
TzhAlljC_843JO7UDDUIaQ,The Tang - Upper West Side,Chinese,40.800059999999995,-73.96639,4.5,217,$$,10025,True
FXhSEZfIqjMZh4hR0_8jMQ,China Xiang 中国湘,Chinese,40.758290212563296,-73.99251139938991,4.0,493,$$,10036,True
bT4CDzyhV-frXV6ijvXnvw,Super Taste,Chinese,40.715117,-73.99333390000002,4.0,570,$,10002,True
QFOYvQK9y2jM7ue-DXkw2g,Family Garden,Chinese,40.635335,-73.960987,4.0,32,$,11230,True
Aux2Mp7bGnF3S6h60ab3iQ,Yummy City,Chinese,40.7879244458184,-73.94898635581801,4.5,48,$,10029,True
k34VgKhpuIRPEr8vKSMwjA,Chung Chun Kitchen,Chinese,40.69314,-73.973,3.5,26,$,11205,True
WIj12zDqIbBucW1hXYhrew,King's Kitchen,Chinese,40.71399,-73.99367,4.0,279,$,10002,True
PGeL1b4xNJggpZsHEGoxjg,Mr Chow,Chinese,40.7201045,-74.00877209999999,3.0,391,$$$$,10013,True
w3wKbjuNCZnYoPOr-FCk5w,New Moon,Chinese,40.742569,-73.977856,4.0,152,$$,10016,True
Lp8vAE5nHSt5zbu-lSGK8A,Hop Lee Restaurant,Chinese,40.714259999999996,-73.99849,4.0,318,$$,10013,True
G8X7pC73zCRUxRPo1ULnQA,King's Wok Kitchen,Chinese,40.670271212759204,-73.9362669759561,4.5,4,$$,11213,True
pCfGgX0WxGASGM4-Yhr2Pw,Hao Noodle Chelsea,Chinese,40.7406999,-74.00435999999998,4.5,419,$$,10014,True
I_Va7AZSHpEwX75S-3hHLQ,Noodle Fun,Chinese,40.77953338623049,-73.94703674316409,4.0,150,$$,10128,True
lKxmH-hQ6ezKbq4URKrd-Q,May Wah Fast Food,Chinese,40.71825,-73.99842,4.0,355,$,10013,True
cGSLzPA_SCWrN3cyT86Nhw,Dun Huang - Upper West,Chinese,40.81106,-73.95818,3.5,81,$$,10027,True
AJKcsxpc9IthvhdEnfqogg,Good Chinese Restaurant,Chinese,40.6951122106303,-73.9116479761463,4.0,161,$,11221,True
IhSVn0TaX8xXb3wcQ-fgcA,Vanessa's Dumpling House,Chinese,40.71839,-73.99173990000001,4.0,2664,$,10002,True
DpfE0gPBXj-aj2pnEh4E2Q,Wei Williamsburg,Chinese,40.7107868,-73.9542168,3.5,172,$$,11211,True
C6NvtFvXo86_kEWi3qBYWQ,Golden Dragon,Chinese,40.76287,-73.92097,3.5,79,$,11106,True
tsTGTBrz2TqrYRgdr6vEJQ,C And Y Chinese,Chinese,40.67042,-73.98496,4.0,59,$,11215,True
mDajKjZjRN4tVGEJFOgF9w,Wok 88,Chinese,40.78042,-73.95322,3.5,292,$$,10128,True
3fBiB3slTfBpmf39vD7sJw,Jade Garden,Chinese,40.841846,-73.93894399999998,3.5,88,$,10032,True
LXmlfAmrGA3NfvYSfxIVvQ,Ma LaLa,Chinese,40.7629662660109,-73.913354203105,4.5,66,$$,11103,True
2lJbbTUnkfdUIaeii7mx4Q,The New People Kitchen,Chinese,40.68016,-73.94111,3.5,20,$,11216,True
i4cyV13lYIS4mcJKZW75cA,Food Sing,Chinese,40.714324,-73.96125699999997,3.5,54,$,11211,True
QBhHq4eN7rtFzmDUciVL-Q,King Wok,Chinese,40.72904000000001,-74.00503990000001,3.5,142,$,10014,False
mUl0wtO7tPkBocuJqZ-7Dw,Dun Huang -  Grand Central,Chinese,40.74922,-73.97785,4.5,180,$$,10016,True
IgTNgGE0qvTjkmCUzrNwtQ,Michael & Ping's Modern Chinese Take-Out,Chinese,40.672501,-73.990177,3.5,261,$$,11215,True
5u4T6-Z-KhHrRZ9g54pugQ,Carol's Bun,Chinese,40.7138317002555,-73.9914554524045,4.0,40,$,10002,True
zPK48x2wvTmJTQ_13bbeRQ,Hong Kong Cafe,Chinese,40.687267,-73.95666999999997,4.0,37,$,11238,True
VW2Epq3C8jqysu6Edpu-RA,Atlas Kitchen,Chinese,40.80332,-73.9668,4.0,113,$$,10025,True
jwKPVep2qZYBUA6SLLQPvg,Legend 72,Chinese,40.77796,-73.9796901,3.5,244,$$,10023,True
l44CFBTejwL0ElKmkH7xQQ,Decoy,Chinese,40.734196,-74.006519,4.0,425,$$$,10014,False
zYoL-o9YJpGTwJ-Gmj8AFA,Jue Lan Club,Chinese,40.7409694,-73.9934031,3.5,511,$$$,10011,True
IoAUbSudW1Mds5_XY_01Rg,Mission - Brooklyn,Chinese,40.70933,-73.92315,3.5,74,$$,11237,True
agCuWjaUJ8xBO_PDDQRiGw,S Wan Cafe 洋紫荆,Chinese,40.71725,-73.99254,4.5,127,$,10002,True
gQ6DNeLNWQV-zwWyuFeBpg,No. 1 Chinese Restaurant,Chinese,40.7046671846472,-74.0105490435282,3.0,157,$$,10004,True
SMImQM_JfZkIZwflTgOAoQ,Yi Ji Shi Mo Noodle Corp,Chinese,40.71824,-73.99583,4.5,132,$,10013,True
PQSrlPW8BGZr8AsgCxVcWQ,Weng Garden,Chinese,40.685707,-73.920722,4.0,14,$,11233,True
AlI7c_m9flexz49nzgam2g,Bo Hai Dumpling Town,Chinese,40.714058,-73.987381,5.0,6,$,10002,False
a5Ei7GYvlXCDv-j3q1lBLg,China Delight,Chinese,40.661844,-73.99688499999998,4.0,21,$,11232,True
NebgteFykeM1gwiVgPcCHw,The Handpulled Noodle,Chinese,40.828384,-73.948674,4.0,833,$$,10031,True
mRhPjOOf17Q-a8CwLbmBvA,Empire Express,Chinese,40.66918,-73.98567,3.5,46,$,11215,True
ubeG-hyIV8qoSSAk_pAZ2A,No Pork Halal Kitchen,Chinese,40.68332,-73.97936,4.0,132,$,11217,True
6oQKDCJrgDffPKXPTPBXlA,King Wah Restaurant,Chinese,40.7099237520059,-73.89899767120279,3.5,84,$,11385,True
dDXtga5Kgo5B1twdezcZJA,Auntie Guan's Kitchen 108,Chinese,40.737721347759795,-73.99741485125179,3.5,345,$$,10011,True
kwGaeWUVC_MIxMFw0sM-Ww,Hong Kong Express,Chinese,40.69617,-73.904721,4.0,47,$,11385,False
tfMPbnQqJ1P1RIab-o6gtg,Kum Kau,Chinese,40.693573,-73.966702,3.0,262,$$,11205,False
YoGcGxo9JxE7NtmMtPaNng,Golden Wok,Chinese,40.745129,-73.921549,3.0,47,$,11104,True
oD0mN9vXuc1gFRyw1CG-Pw,New China Wok Chinese Kitchen,Chinese,40.68257,-73.97927,4.0,27,$,11217,True
ApjmgPwYXgrb0JurjQZO4w,Fortune Cookie Chinese Kitchen,Chinese,40.72338,-73.9507,3.5,47,$,11222,True
gJXNSJ9VXTuCFmp_Kl9TVQ,Shanghai,Chinese,40.768291,-73.958381,4.0,106,$,10021,True
1dFOF1HPaThSCsdiqR7DrA,Land of Plenty,Chinese,40.76063,-73.96664,3.5,325,$$,10022,True
vLPC4i4StmkyKLe2LrQX-A,New Cheung Lee Kitchen,Chinese,40.676,-73.94171999999998,4.0,6,$,11213,True
-KfM32STVYND4v_9l1YRug,Xi'an Famous Foods,Chinese,40.69212,-73.9867,4.0,45,$$,11201,True
0vg2Z-HPwkyVVX613j2ysg,Peng's Noodle Folk,Chinese,40.77726,-73.94932,4.5,456,$$,10028,True
AvTezlpt3GXTdSEnXbHP4w,Fatima's Halal Kitchen,Chinese,40.763118608431895,-73.9275405041124,4.0,402,$,11106,True
lQ8Fzgji9qmgRXkFcvAsVQ,Chong Qing Xiao Mian,Chinese,40.76513,-73.98753,4.0,311,$$,10019,True
wPL0epJzosoFRYox1a5lvA,New Golden Star,Chinese,40.8498685,-73.9362273,4.0,102,$$,10033,True
S5VN-lFmTdI5VVQ0qFyfCQ,Fortune Place,Chinese,40.70849000000001,-73.9585,3.5,16,$,11211,True
lgS9lE0Y9FhzT68zCj5QCw,Hunan Bistro,Chinese,40.73234,-73.9881,3.5,219,$$,10003,True
s25mujxKWphsyFm0Ji1xYA,Mr Chow,Chinese,40.7588502019644,-73.9643376320601,3.0,367,$$$$,10022,True
b03GEE_pYlLCdD6yShZKqw,New Chinatown Restaurant of New York,Chinese,40.720527000000004,-73.978652,4.0,12,$,10009,True
BbODF2tZuw4xW_RFwMzwRg,Jiangnan Chinese Cuisine,Chinese,40.708423139450296,-74.0140241895666,3.5,53,$$,10006,True
zubN8Ve-RyoljRZV4NRxEQ,Wo Hop,Chinese,40.71422390345821,-73.9988691693115,3.5,1476,$$,10013,True
KBZQN540Xz6LbXLRVOMc0w,Hunan Delight,Chinese,40.770678000000004,-73.951296,3.5,187,$$,10075,True
4NCvsUR3cKLaPgIZJK622w,Chang Hong Chinese Restaurant,Chinese,40.696949,-73.910232,4.0,12,$$,11237,True
EV2grf7NhNHQTmBXfu1-NA,Dragon Gate Chinese Cuisine,Chinese,40.778622,-73.9026148701016,4.0,27,$$,11105,True
CKG7LVmSlvI93scyb1aVeg,Mr Wonton,Chinese,40.67517,-73.97480999999998,3.5,210,$$,11217,True
hNLfVfnhexy7qegeYY6tkQ,Panda Chinese Restaurant,Chinese,40.717395,-73.8569718,3.5,55,$,11375,True
0GftSP2dRwEzujkv2VKIgA,Wok Wok Southeast Asian Kitchen,Chinese,40.7140555,-73.99883871163941,4.0,995,$$,10013,True
9gktK6DNHb3k0y-o6nP7pA,J's Wong,Chinese,40.67402,-73.95661,3.5,66,$,11238,True
MzA6gitJKqfW4VrdS7AiQw,PACIFIC MOON,Chinese,40.75119,-73.90269,4.0,94,$,11377,True
a52GUjv7jYD3Baa0Ltbytw,Golden Dragon Kitchen,Chinese,40.7139499,-73.95519,3.5,22,$,11211,True
yvdaxotCYEt9HNt7GbERJw,Number One Chinese Kitchen,Chinese,40.674535999999996,-73.949873,3.0,34,$,11216,True
vWEKZVPIYFewfqCOkkvVIQ,Lin's Garden,Chinese,40.7034531,-73.9090729,3.5,49,$,11385,True
1fVp9c5Vw04ig171a_juRw,U Like,Chinese,40.694007,-73.949259,4.0,50,$,11206,False
wxUTM-FkpCvnoTGJfSXkWg,China King,Chinese,40.738249,-73.983329,3.0,41,$,10010,True
SBJHGtqJyfaU47NPjGAU6A,China Jade,Chinese,40.777392,-73.952329,3.5,171,$$,10028,True
zdX9mwhoknXXYL1GCstnow,Lucky Garden,Chinese,40.7003,-73.91221,4.5,13,$,11237,False
Jr8S-deYDqbDoo-eJI7nyg,Empire Szechuan Garden,Chinese,40.7442226,-73.9186565,3.5,50,$,11104,True
zZkplEhRoGcsDxPgXpxEdQ,New Hong Kong House,Chinese,40.64009,-73.96632,3.5,21,$,11218,True
-7PgxPVUGZh__U3CxRFKxg,Trinidad Golden Place Restaurant,Chinese,40.6718291030037,-73.950525317791,4.5,140,$,11216,True
nXh79laNQ7leN92F5Ore-Q,Forever Taste,Chinese,40.71294,-73.98979,4.0,44,$,10002,True
hNFe8WhCibrqT4sFcZmAgw,Kong Sihk Tong 港食堂,Chinese,40.71542,-73.99813,4.0,291,$,10013,True
U9bU_xY11bu88lYZwnMVfQ,Broadway China Station,Chinese,40.7616886,-73.92587569999998,3.5,40,$,11106,True
GGRMY-twaqZf_NIAprBJkg,Junzi Kitchen,Chinese,40.754886,-73.985688,4.0,130,$$,10036,True
XoxEVVf5Ci8nibQ-Q4P0nQ,Chinese Musician Restaurant,Chinese,40.73042,-73.9537321,3.0,138,$,11222,True
k_y6o8zqI3cODdKABwWZ9g,China Garden,Chinese,40.703364,-73.92151700000002,4.5,14,$,11237,True
w0pDi_iMZd5MqYQ7t5q1dQ,Christopher's Golden Woks,Chinese,40.73284,-74.00836,3.5,60,$,10014,True
bSi2f2TaOr4RVTI5eFt0wQ,Taste Of North China,Chinese,40.7167868,-74.0377625661521,3.0,233,$$,7302,True
lmiwPS9tl3cyMDGDeVstqQ,New Apolo,Chinese,40.71078,-73.95076,3.5,150,$$,11211,True
RQRQOO_CGhj16AIz4KqlQA,Fu Zhou Wei Zhong Wei Jia Xiang Feng Wei,Chinese,40.713837,-73.99414,4.5,28,$,10002,True
PGBHteqfNcTqesQFKqqdsg,China New Star,Chinese,40.615961,-73.929765,3.5,136,$$,11234,True
WgQkB7cbPNgj0pLin7gQtw,La Nueva Victoria,Chinese,40.79372,-73.971954,3.5,97,$$,10025,True
AfF4zVbVI27zwgkzOLYDFg,Xi'an Famous Foods,Chinese,40.7243301734731,-73.9509299397469,4.0,223,$$,11222,True
3DmJv5rHFNyQykaUiXBOvA,Hop Lee Kitchen,Chinese,40.7329099,-73.95455,3.5,43,$,11222,True
nrPfcOC4mGnEL-9CpoGhMg,Ming's Caffe,Chinese,40.71432100000001,-73.990509,4.0,125,$,10002,True
MdDj13LgIs0WdbIdiyqB7Q,Pinch Chinese,Chinese,40.72645,-74.0018,3.5,363,$$,10012,True
GmtybiZEicQ4qqPTzhqVew,Taste of China,Chinese,40.72762,-73.892011,4.0,74,$,11378,True
bDsXyYwzk4I9_7l51D_gaA,Cafe Evergreen,Chinese,40.76891,-73.9556,3.5,182,$$,10021,True
l1nX-f46dmOEmYPoiuLSaw,Peking Duck House,Chinese,40.756912,-73.968109,3.5,464,$$$,10022,True
OX2B4KARPKNTxC39wpcqDA,A & C Kitchen,Chinese,40.72501,-73.97800000000002,3.5,35,$,10009,True
DKGUSLiqNchBNatKoPM9QQ,Junzi Kitchen,Chinese,40.8057641877461,-73.9652019005902,4.0,192,$$,10025,True
xOL2SC34gdhKHSbyaDz9BA,Pearls,Chinese,40.7958833,-73.9692167,3.0,154,$$,10025,True
wurhcLKXD4YJ5XfTxpbE5Q,Grand Sichuan,Chinese,40.747413,-74.001052,3.5,456,$$,10001,True
VbFYau70iG_s6UNFwYtGVQ,Xu's Public House,Chinese,40.73589000000001,-73.9917,4.0,107,$$$,10003,True
L37A2JWXfwR_PgKColA8xA,Big Wong,Chinese,40.71624,-73.99842,3.5,1452,$,10013,True
pMgk7E6bCG5Aj2sLuowobw,Golden Chopstick,Chinese,40.6718339,-73.957229,3.5,74,$,11238,True
ZYWwYSXWyDlVYIjPgXmIQA,East Garden,Chinese,40.7560263,-73.9285962,3.5,50,$,11106,True
UNyGz06_7RendbswIyNYtA,Shu Han Ju,Chinese,40.73558,-73.99843,3.5,175,$$,10011,True
7yi9uA-LmrGpG6OOuK2byg,Hong Kong Chinese Restaurant,Chinese,40.710983,-73.90486899999998,4.0,25,$,11385,False
B87c3bE_u53yNYO1cmHSIw,Flor de Mayo,Chinese,40.797859,-73.969948,4.0,579,$$,10025,True
LJntAPKObO0OfydYm3_bzQ,Kings Co Imperial,Chinese,40.7180159,-73.9853739,4.0,73,$$,10002,True
tguMh2GgOcU9fu6WN3dqpw,The Original Buddha Bodai Kosher Vegetarian Restaurant,Chinese,40.713854299999994,-73.9989484,4.0,1033,$$,10013,True
F2KRHRtnIAZJezs9UC2u6w,Chelsea Golden Wok,Chinese,40.744009999999996,-73.999824,3.0,59,$,10011,True
e-6UcplEErq2Hj14-eiM6Q,China King,Chinese,40.794303,-73.944572,3.5,38,$,10029,True
OXTcpNk9ZXuOxPnjpcSs7w,Pearl Garden,Chinese,40.786695,-73.8219,4.0,117,$,11357,True
2rqb2T5IS2D7A6UB5QwNKw,Yun Nan Flavor Garden,Chinese,40.639996000000004,-74.004509,4.0,310,$,11220,True
U5dCWjAxrvLLMH1ErpGfvw,A-jiao,Chinese,40.78315900000001,-73.94824399999997,3.5,133,$$,10128,True
uaFHoq-a5XqxF-bsOK9_Qg,Real Kung Fu Little Steamed Buns Ramen,Chinese,40.76162866341621,-73.9868181646996,3.5,1019,$$,10019,True
XzMVQtnifzlFoq6Uj4795g,A Shen Zhou Restaurant,Chinese,40.70026,-73.92469,3.5,62,$,11237,True
AeLz0uoZH3hxmkcXlwUIGg,Yip's,Chinese,40.70482,-74.01238000000002,3.5,108,$,10004,True
d6i6sGHtPmyUkHze5S1lIQ,Hunan House I,Chinese,40.72857,-74.06241999999997,4.0,46,$,7306,True
nI1UYDCYUTt23TpGxqnLKg,Buddakan,Chinese,40.7422762672197,-74.0048000961542,4.0,4028,$$$,10011,True
-6KT1D508e6zvqHJvv4r2Q,New Lin Wang Restaurant,Chinese,40.63772,-73.897255,3.5,8,$,11236,True
SNDUD4LFjVHWwrdAkokxRg,Mei Yu Spring,Chinese,40.7125753536096,-73.99717624707459,4.0,85,$,10002,True
7QMABbdgA5o0PVq8anr2mg,Golden Dynasty Restaurant,Chinese,40.61483,-73.98085999999998,4.0,23,$,11204,True
AbfZkSRMtiHE3naWrN-0Eg,Fei Ma,Chinese,40.72511400000001,-73.9845239,3.5,52,$,10009,True
RkcQl4uEJWblWf4xX8ssqQ,Wa Jeal Sichuan Chili House,Chinese,40.77536,-73.95317,3.5,411,$$,10028,True
ikVDSp8YhAYuy0Lua1hpDA,Great Wall,Chinese,40.795074,-73.935684,4.0,15,$,10029,False
dSZH0XgoZ-AT0qezA9Xx-g,King's Wok,Chinese,40.76005,-73.90741,4.0,25,$,11377,True
kWJF8L1u5jdlkLBItUu16w,Bo Ky Restaurant,Chinese,40.71579000000001,-73.99866999999998,3.5,766,$,10013,True
OWALknbRruLyO8KFPATf_Q,New Jin Shing,Chinese,40.682072999999995,-73.909389,4.0,34,$,11207,True
Dqp5Itsj9dN0Ewz8Gm853g,Philippe Downtown,Chinese,40.742129999999996,-74.0038,4.0,96,$$$,10011,True
MwmXUth8tZBJ0cqg_ouzog,Lucky Star Chinese Restaurant,Chinese,40.832484,-73.859553,3.5,38,$,10472,True
G9uSeXMXv6QB8ZEQeOhYVA,Good Friend 1,Chinese,40.65314,-73.9499699,3.5,22,$,11226,True
UJtUaOXnwtQA1rb-4BHsCg,Hai Sun Chinese Restaurant,Chinese,40.65757369995121,-73.9600143432617,3.0,42,$,11225,True
4WyXnioHqTIcaFFN_TS1Vw,Ling Long Xuan Restaurant,Chinese,40.73237,-74.0569,4.0,160,$$,7306,True
Ex_qolTE5syJ8so0NscfGw,King Wah,Chinese,40.7719699594225,-73.92576519533759,3.5,44,$,11102,True
RUnj4RTVOSbbHE5zyguhrg,No 1 Flower Drum House,Chinese,40.777674,-73.908463,3.5,93,$,11105,True
6gE9N5wD4K-bbmSEBm7Lhw,Kong Kee,Chinese,40.719047,-73.996139,4.0,59,$,10002,False
56wxE888GknVcUeAXBfqFw,Shanghai Lee,Chinese,40.7318,-73.9582099,3.0,130,$,11222,True
dn8_HgoGUE4IFzwPI6GeLA,Kai Feng Fu 開封府鍋貼,Chinese,40.64201,-74.00238,4.5,263,$,11220,True
A-ert0jDRBfku9ogyW_mEg,Spice Symphony,Chinese,40.7558937072754,-73.9715347290039,4.5,510,$$,10022,True
y-c0jyeEoCotVLPrT8iI7A,Chen Yuan Chinese Food,Chinese,40.694239553985796,-73.9105729000734,4.0,15,$,11221,True
dv-RaOwKFizDe4c5-sVJ5w,Peking BBQ,Chinese,40.7457277,-73.9062112,4.0,257,$,11377,True
HM6cvh5A9LLBeb4Sca6fPA,Ten Full Restaurant,Chinese,40.74018,-73.92511,3.0,67,$,11104,True
wdGMVLUzocmnl2tST0lheg,YunShang Rice Noodle House,Chinese,40.71525,-73.99765,4.0,195,$$,10013,True
PUwrkoUztUYs4VdHlK9qBg,Wa Lung Kitchen,Chinese,40.713919,-73.980251,3.0,67,$,10002,True
sGwQYKPaMJ-tD2E4fQ0EJQ,Jardin De China,Chinese,40.750672,-73.869982,4.0,237,$$,11368,True
ovOupYdkZOWUeDMOdt--ng,China North Dumpling,Chinese,40.7158,-73.9898,4.0,311,$,10002,True
6KQ-jlXjOgb_uVeZxgimqQ,Hua Long Chinese Restaurant,Chinese,40.6857872009277,-73.9737319946289,3.5,28,$,11217,True
BPErPpKSNluwcjbKRgze3w,Xi'an Famous Foods,Chinese,40.77197,-73.95452,4.0,541,$,10075,True
rlJ2Moc6A9R3qpYJlR8D3Q,Bamboo Express,Chinese,40.65395,-73.95993,4.0,32,$,11226,True
m4Q7Te--vJwBPi6j1_1mfg,XIN,Chinese,40.62518,-74.03067,3.5,95,$$,11209,True
H1jops1lmuhrq9lP7lEGJQ,Flor De Mayo,Chinese,40.78609,-73.97658,4.0,1199,$$,10024,True
xBTqo83cgF4TvCjKFjlwqQ,La Dinastia II,Chinese,40.84319110000001,-73.9393521,3.0,66,$$,10032,True
D-3KVI4IlQckxA5HMb81Kw,Ho Ho Garden,Chinese,40.67998,-73.84548000000002,4.0,27,$,11417,True
rhEfNtVrckQj-Ns44OBHgA,86 Noodles,Chinese,40.6226399,-74.02878,3.5,210,$$,11209,True
OfVP8lDL1Juk8b8Hlx7fQg,New China Tung,Chinese,40.678642,-73.97927,3.5,52,$,11217,True
ieOIBz6Gfqmwm1B0wUzh9g,Mama Lee,Chinese,40.755368,-73.767415,4.5,508,$$,11364,True
_LLK-gnjeTLwpyoliglozw,Hang Lee Chinese,Chinese,40.867262242948,-73.9233304385214,4.0,29,$,10034,True
MnjB_RIJG0sDTk7dGggA4w,New China,Chinese,40.69701,-73.93611999999997,4.0,12,$,11206,False
E1fFQqXuO2Ido9hGDmTbDg,Good Luck Chinese Restaurant,Chinese,40.739204316664704,-73.91976258993529,4.0,12,$,11377,False
ybQV8joopvU1_gG2RwLRog,Wok City,Chinese,40.7752417820046,-73.98387664539601,3.0,90,$,10023,True
PBh9J_5HF8dtg2MTTUqVnw,Autumn Asian Restaurant,Chinese,40.677147999999995,-73.97214090000001,3.5,49,$,11238,True
wtmPjQuCKeFuMdcR5SKEAQ,Ocean Restaurant,Chinese,40.81086,-73.94355999999998,2.5,19,$$,10027,True
Y3UBu639SToFR0xHHBg1xA,China Town Chinese Restaurant,Chinese,40.722095489502,-73.9849090576172,3.0,14,$,10002,True
NmJ2xtfZrscfWB_a5wEbXQ,Home's Kitchen Chinese Restaurant,Chinese,40.73944,-73.98912,3.5,183,$$,10010,True
g_5V15Xp1OvB1QXuGMstYA,Chef Yu,Chinese,40.756125,-73.9991545,3.0,581,$$,10018,True
TjB0wn5MyHM5rDMBCSCnfw,Old Peking,Chinese,40.7255268,-74.0683028,4.0,41,$,7306,True
b7uTP_afs5Gkf66K7yDl-w,Food King,Chinese,40.711729999999996,-73.99401,3.5,16,$,10002,True
IQ91FltwJmIPhS6fKKf2pw,China 1 Kitchen,Chinese,40.7632023290684,-73.9490040654764,3.0,56,$,10044,True
OyUqDYNctt81gsNLvfHp5A,Homei Restaurant,Chinese,40.6854858398438,-73.9298324584961,4.0,14,$,11221,False
x3_DaW2lWCNovheuZV_nAw,Private Kitchen,Chinese,40.7623534688139,-73.8313450503319,4.0,78,$$,11354,True
TAm8Eauo0NQNHpjOAWXo2A,Teng Dragon,Chinese,40.7961006164551,-73.9349899291992,3.0,22,$,10035,True
2QXh-2xPLl7JtzwbYXxBeA,Lucky Garden,Chinese,40.64134,-74.09481,4.5,8,$$,10301,True
zb78ua-FlfFRj8v082giBw,Jimmy's House,Chinese,40.740159999999996,-73.98255999999998,3.5,127,$,10010,True
7Ap1bmY3u_uM9L63fy0g7A,Ho Wah Chinese Restaurant,Chinese,40.6870242760585,-73.944796100731,4.5,7,$,11216,True
PwIMIWCzL7tlOVb-v0_RKw,Emperor House,Chinese,40.62925,-74.11466999999998,4.0,20,$$$,10310,True
yuXmo3XGH_G-wY7g3gpeAg,Wing Hua,Chinese,40.676475,-73.999031,3.5,46,$,11231,True
QGldR7s9_qV_35iGtkcNyA,Asia Harbor,Chinese,40.643947999999995,-73.9763473,4.0,108,$$,11218,True
eQKYZWnBjPUjINAnFmrmbA,P.F. Chang's,Chinese,40.7802677928232,-74.0095958081818,2.5,474,$$,7093,True
3NYQQckItp9l7GDzALw79w,Lin's Gourmet,Chinese,40.759890999999996,-73.965187,3.5,70,$,10022,True
Vzx-7-jSEBz2g8NuGVhHvQ,Philippe By Philippe Chow,Chinese,40.76409,-73.97039000000002,3.5,716,$$$,10065,True
YIwYw_A_LRwK66HBTzogYQ,Xing's Chef,Chinese,40.77010920790771,-73.9021204913637,4.0,84,$,11105,True
WRPJeH3goSpj5ke3Pkrnfw,Burp Bowl Cafe,Chinese,40.74183,-73.98271,4.5,225,$,10010,True
BLYomPDQX5HkNWFJ2Lxfpg,Szechuan Delight Restaurant,Chinese,40.67254000000001,-73.97706,3.0,110,$$,11215,True
YfJZBmm9tfW--W_WIGReqA,Baili Restaurant,Chinese,40.65047,-73.951484,4.0,35,$,11226,True
MBU4VGyaPKZKhe5x7UMQpA,Jing Wah Chinese Resturant,Chinese,40.679777,-73.850712,4.0,13,$,11417,True
vdZaeSDbsWd_JeNqt92NmA,Yang Kee 1 Chinese,Chinese,40.679894,-73.862278,3.0,13,$,11416,True
ekXcaHSWrvmSQafJHIU-Dw,China Moon,Chinese,40.66391,-73.92424,4.5,9,$,11212,False
uPqLa_H1tr3QTwJNPoVqYQ,Spring Garden,Chinese,40.62077,-74.02703000000002,4.0,29,$,11209,True
Ckz_1t4nUoFf2Yw-uuK4jQ,Mr Chen,Chinese,40.70068,-73.8999599,3.0,70,$,11385,True
hdiQrGDT8enOzpxaipBzNA,Mee Noodle Shop & Grill,Chinese,40.73098820000001,-73.98308399999998,3.0,130,$$,10003,True
5dzFMuClH9CDvfaUuIKWeg,Hunan Chen's Kitchen,Chinese,40.80133,-73.96113000000003,3.0,40,$,10025,True
2DlAPX4KBG8e7veOWYR6DQ,New Hardee Chinese Restaurant,Chinese,40.69244000000001,-73.94299000000002,3.5,32,$,11221,True
4OGtGzKP6fvRu7MfQMRSEQ,Hong Kong,Chinese,40.7926783064322,-73.9457814748688,4.0,16,$$,10029,True
_MdNLeBAcwv5Nb2yArZFvg,Happy Garden,Chinese,40.76728,-73.922814,3.5,70,$,11102,True
_eWN3zih_cnY0fiLWva9EA,Li Wan Restaurant,Chinese,40.7122917175293,-73.89613342285159,4.0,29,$$,11379,True
8ELR553JyleoJYtT19yNQg,Mei Mei Chinese Restaurant,Chinese,40.5969532,-73.9413834,4.0,13,$$,11229,True
UyBbMNIM7zA3fh6lEnLiZQ,Annie 88 Express,Chinese,40.667897,-73.95103,3.5,25,$,11225,True
q1A9AGyCpmVhlT7ZkGex-g,Chef Hong's Kitchen,Chinese,40.6381,-74.07759,3.5,12,$,10301,True
bMAsaXIDMActYCYCw0HcCQ,No 1 Chinese Restaurant,Chinese,40.8513816,-73.93947059999998,3.5,118,$,10033,True
jY24wzoHi-DSHYSybWao7w,Ting Hua New Kitchen,Chinese,40.679817,-73.99488000000002,3.0,48,$,11231,True
zPMSuQJRpXi11G_Tqv1LJQ,Mr. Wonton,Chinese,40.6919899,-73.8639984,4.0,27,$,11421,True
h3yz3w8ke1jIaGnqGln93A,Sun Wah Restaurant,Chinese,40.756608,-73.930066,3.5,46,$,11106,True
5RjZCsXuWPclyrDsnsXw7w,Xi'an Famous Foods,Chinese,40.74033,-73.98744,4.0,206,$$,10010,True
bzr6GEQyjpgbkhHAsYaljQ,Randy's Chinese Food,Chinese,40.700336,-73.906774,3.0,57,$,11385,True
6LfskUyZzmcDSV6h5kOwGw,Peking Duck House,Chinese,40.71461,-73.99871,3.5,863,$$$,10013,True
Yj3pRPnIG05AjRfGP0Afjg,Mei Chung Mei Restaurant,Chinese,40.8784523010254,-73.902961730957,4.0,20,$$,10463,True
SbDFRevMMi_6o-6-mzWMxg,Happy Garden,Chinese,40.6875151,-73.99791479999998,3.5,12,$$,11201,True
h4co9O0SLuvhTtr_Cs9IIQ,New Kam Lai,Chinese,40.7989112,-73.967015,3.5,38,$,10025,True
GJZnf3B-ADjlCV1NXsHvGQ,Tang's Garden,Chinese,40.7722574,-73.9589547,3.0,100,$$,10021,True
cWPdP8_GqEWxZKRiOonfDg,Di Di Restaurant,Chinese,40.62813,-73.94729,4.0,38,$,11210,True
dRKdRpPEo6rJ2X0RYbfZzQ,Golden Z,Chinese,40.598533,-73.956928,4.0,88,$,11229,True
yVDNPV0Yf3vQAsXTJett1g,I-Fortune Cookie,Chinese,40.7476578,-73.947319,3.0,58,$,11101,True
sjOp9UbbfKbohpEjQt2JRg,King Dragon,Chinese,40.84323,-73.91249,4.5,7,$,10452,True
CqvbXj6siqnBKaTjqNWwuw,Good Taste Chinese Restaurant,Chinese,40.825765000000004,-73.917702,3.5,7,$,10451,True
BG0F1eTMikmXnL2C03Oq3A,Foo-Hing Chinese Kitchen,Chinese,40.8135242,-73.9222125,4.5,5,$,10454,False
kHlYnhMOoMBbe3VCZflpKQ,Spy C Cuisine,Chinese,40.71903,-73.84249,4.0,243,$$,11375,True
pjbMNd88LRNxvrwaO8kEhQ,New Apollo II,Chinese,40.6991691589355,-73.9166564941406,3.5,59,$$,11237,True
Qwd4Tv-CqgO2Yl9zZgkKOQ,Shun Lee Palace,Chinese,40.75945,-73.96907,3.0,307,$$$,10022,True
Z263fPuSX3B3xNE7izgirw,New Wah On Restaurant,Chinese,40.671096999999996,-73.882299,4.5,7,$,11208,True
rsbjGGa8kh14ZWYSnK5rGQ,Jac Mao,Chinese,40.5859153194951,-74.0929840380287,3.5,152,$$,10305,True
_f6jjUliJY8IVrgkcgG_zw,Lee Good Taste,Chinese,40.67518701480439,-73.8729380071163,4.5,15,$,11208,False
ECKMWJwm_sihRQIP1ydeOA,New Golden Chopstick Chinese Restaurant,Chinese,40.70431853531971,-74.010657025795,3.0,39,$,10004,True
g512kssHLLTdDbUJHTmJFw,Stick To My Pot Potsticker,Chinese,40.75202,-73.99121,4.5,148,$,10001,True
tDYk6DmmU3buWBs9G0NBXQ,China Restaurant,Chinese,40.650260925293004,-73.929931640625,4.0,68,$,11203,True
W-i6X2KWxRjsG05CgIM9ow,Hardee,Chinese,40.6618899485811,-73.91538999974729,4.5,9,$$,11212,True
iFAAI-7NoceHYVybom5SyA,New Peking,Chinese,40.749447499999995,-73.88842530000002,3.5,61,$,11372,True
poRWXhCG1-mVxs1kuw_ZEg,Red Hot Szechuan,Chinese,40.666088,-73.98191,3.5,189,$$,11215,True
PKkCtyZQpVEzivSF41ZgIw,Sunrise Chinese Restaurant,Chinese,40.760806,-73.923281,3.5,50,$,11106,True
xi_QX5uArqDM4LeL4WIv1Q,Li's Kitchen,Chinese,40.8634617,-73.8584642,4.0,35,$$,10469,True
4PG9npz7q_LP2H5LfDjWig,#1 Garden Chinese,Chinese,40.660046,-73.980313,3.5,61,$,11215,True
LRf53zRO9VvSAcyQSaA6PQ,Lucky Chen Chinese Restaraunts,Chinese,40.69097100000001,-73.92513199999998,4.0,3,$,11221,True
LYp3izplqg0x-h9CBlb-MQ,China Gourmet,Chinese,40.76381,-73.98524,2.5,234,$,10019,True
cxBDRNIHTHg9X2xDuczPIg,Kawah Chinese Restaurant,Chinese,40.87385,-73.88481999999998,4.0,27,$,10458,True
5FbVGhTO8U4wh0AATsN9tA,Wan's Garden,Chinese,40.702864,-73.901421,4.0,26,$,11385,True
cQRQXI3-B5eGFCi_aj1IyQ,Golden City Chinese Restaurant,Chinese,40.851324700000006,-73.92833759999998,4.5,12,$,10033,True
Dj0jblwuWTftL1D7_Kun6Q,Noodles 28,Chinese,40.74261,-73.97997,3.0,205,$$,10016,True
G4K-mNlM0oLKo8N--Ne2AA,Sampan Chinese Restaurant,Chinese,40.7644,-73.9148699,3.0,77,$,11103,True
7DbDmJhQtE2yZvVzaan57w,Golden China,Chinese,40.671588899999996,-73.8814392,4.0,4,$,11208,False
RgIFYmjtBp5k90AK1jP7Zw,Peking Express Chinese Rest,Chinese,40.6743,-73.804,3.5,47,$$,11420,True
_iLjlrftSGKvFyG6PXQyAg,Best Chinese Restaurant,Chinese,40.88447,-73.8315,4.5,24,$,10475,False
XDv71A1J3aIOu_W5sVzZ2w,Shi Miao Dao Yunnan Rice Noodle,Chinese,40.72904000000001,-73.9881,4.0,104,$$,10003,True
gxEYxWqKVhs8xBw9Lvd7hA,East Garden Chinese Restaurant,Chinese,40.77793,-73.94901999999998,3.5,55,$,10128,True
BAKjtydOJj6KrsGCo-6DEQ,Wing Hing Chinese Restaurant,Chinese,40.665832,-73.953918,4.0,13,$,11225,True
S-aX_Pz8F7nDL6kRThKcHw,Vanessa's Dumpling House,Chinese,40.71379500000001,-73.96198299999998,3.5,534,$,11211,True
XaEFFUabnbH8ZF7ccmSAlQ,South Of The Clouds,Chinese,40.73264,-73.99752,4.0,220,$$,10011,True
fPW_GBZsnBNsIzK62sCHBg,Xi'an Famous Foods,Chinese,40.715082,-73.997342,4.0,1014,$,10013,True
K6JvBpyRN3JguAoRkiIhiQ,Family Garden Chinese Food Take Out,Chinese,40.6357102,-73.9776473,4.0,15,$,11218,True
czQm6Ull9V6b-64amhUMyA,Good Taste Restaurant,Chinese,40.8214624,-73.9543845,4.0,55,$,10031,False
ISJTy8URJpPzPtOrw_n8Ng,Great Wall,Chinese,40.85356,-73.88316999999998,5.0,3,$,10458,False
iygZyb8glwWAV897IVTvwQ,Taste of Oriental,Chinese,40.66492,-73.99369,3.5,23,$,11215,True
TLfJHjspbrMGmBZ02J6yig,New Nice China Town,Chinese,40.634093,-73.963589,3.5,22,$,11230,True
TxaxeiUqQqcFrWrerNqgXw,No 1 Chinese Restaurant,Chinese,40.732437,-73.982139,2.5,45,$,10003,True
XjPfgkSP-RDEkq_ox8fE3A,King's Chef,Chinese,40.764358,-73.91070500000002,3.5,56,$,11103,True
AFidVhcRHCmlk6YxgRlO2Q,Golden Fountain Kitchen,Chinese,40.707262693702,-73.8350343704224,3.5,115,$,11418,True
-zyyt6r1dou9i3vZxwWWeA,New No. 1,Chinese,40.68935,-73.95494000000002,3.0,28,$,11205,True
upEljMinfeX9q5jtZPSA0A,Meiya Kitchen,Chinese,40.82712,-73.92503,3.5,8,$,10451,True
2pnhIRBUw58PpN8CQEYiZA,New Food King,Chinese,40.76366,-73.99217,3.5,65,$,10036,False
ehNeUb95vEGMNvk3tZVpPQ,Empire Chinese Restaurant,Chinese,40.856115,-73.929076,3.5,8,$$,10040,True
E1QQuFMX7DAEt8jV4attkA,Taste Good,Chinese,40.743383671873396,-73.9901636441803,3.5,100,$,10010,True
2tR7d61tBGNlGaJRYvrN0Q,Dumplings & Things,Chinese,40.7425888323281,-73.9189697784327,3.5,175,$,11104,True
Xcx72D-DzpQ6o_ATEkpH5A,Ye Garden,Chinese,40.70169,-73.8952,3.5,22,$,11385,True
xP7hDsKGMT44Ykmkr3gECA,New Kam Sheng,Chinese,40.88724000000001,-73.90524,3.5,24,$,10463,True
d6pcRMV1YUDFTKO_p9d-sA,Wong Kwong Hop,Chinese,40.735727,-73.88152,4.5,83,$,11373,True
E_V_pCjtbvdniE8ECOMg3Q,Great Wall Chinese Restaurant,Chinese,40.7638765,-73.88161840000002,4.0,22,$,11369,True
CIV1wpkbmpdMPDCl1lNWhQ,Wing Wah Restaurant,Chinese,40.710773,-73.85427,4.0,43,$,11375,False
YTjUhZh-5IaNsTvzHsOUQQ,No 1 Wok,Chinese,40.805913,-73.913984,2.5,12,$,10454,True
_7rU61c3WTVfPS_-FNup8g,J J Chan's Garden,Chinese,40.759347053468396,-73.8922416610112,3.5,124,$$,11370,True
qvXUXFKijyprAOMtxRGyGQ,Mei Mei Restaurant,Chinese,40.869937648364704,-73.89169175163659,3.5,46,$,10468,False
aPI3_mdisxIOo9EwBEJPZQ,Number 1 Chinese Kitchen,Chinese,40.7446399,-74.02898990000001,3.0,55,$,7030,True
IBMaz2RZPkU1Ng9b8A6ywg,Lin's Kitchen,Chinese,40.75051,-73.8955064,3.5,45,$,11372,True
vkgl6UT8e7PXoVZUhxXq8w,Good Taste,Chinese,40.75437279999999,-73.9335449,3.5,52,$,11101,True
rHg81VzTGVREMCfMmgYMog,Delicious Wok,Chinese,40.700328000000006,-73.89670500000003,4.0,33,$,11385,True
9s2B7-yhDWYFk3uCGtc-GA,Island Garden Chinese Restaurant,Chinese,40.610015,-74.063476,3.5,19,$,10305,True
xrTUkzB4YQTXm8TKdNyJ4A,Oriental Palace Kitchen,Chinese,40.57512,-73.99729,4.5,21,$,11224,False
ru9KtvY8f_b2SKrKwtS3CA,Lo-Fatt-Chow,Chinese,40.7474615723213,-74.0378006521148,4.0,135,$,7030,False
Zp61sdZ7-d-XCbdCmnwUtA,Hengchang 2,Chinese,40.63279,-73.88968100000002,4.5,8,$,11236,True
1nE1Kh1NgbtfRKh5byGQkw,Hood Hing Restaurant,Chinese,40.6747,-73.967072,4.0,22,$,11238,True
D1pXSDT0FAlsZ6Z7E_Sc3Q,Grand China,Chinese,40.72645,-73.893997,3.5,11,$,11378,True
EM6z-NkZ-q2KPWNY7aKvNw,Woks Chinese Cuisine,Chinese,40.7496084,-73.8868197,3.5,21,$,11372,True
Ctl89LOC7HgewvuqSPwQxA,Maxim,Chinese,40.7461429,-73.8969407,3.0,27,$,11377,True
LJoNFt19j3wtumQP2J7i8g,Jade Spoon Asian Cuisine,Chinese,40.9804998,-73.77631269999998,4.5,133,$$,10583,True
B9JGlCZ6XkKPXXhTaYwAlA,RJR Yummy Kitchen,Chinese,40.7601665,-73.8783152,4.0,29,$,11369,True
hBbAmEYXM4L03AU9Vt_p9g,Hong Kong Station,Chinese,40.75894,-73.98371999999998,3.5,126,$$,10036,True
5sG_S51rleFhCKLgQpXc_g,New Sunny East 88,Chinese,40.77790200000001,-73.94825,3.5,71,$,10128,True
K0qsGnFv-edPDqVBdLCocQ,China Garden,Chinese,40.741659999999996,-73.92577,4.0,67,$,11104,False
LpfsAZ7mBmK1om17S477zA,Zhen Good Taste,Chinese,40.72182,-73.89278,3.5,28,$,11378,True
-lDxXHNUNrwWUFnvnL_WSQ,Ruby Kitchen,Chinese,40.6775678694248,-73.9730239659548,3.5,31,$,11217,True
xd_8cHyPO8sjIV8JMojHnw,Red House,Chinese,40.7333221435547,-73.9865036010742,2.5,94,$,10003,True
8SA_ZTKNo6TdD65u8ppRGQ,Panda House,Chinese,40.86055,-73.92815,3.5,25,$,10040,True
VmhJfKhSFj3XOHTsT3Qhjg,Ming Wok,Chinese,40.7555390072011,-73.883957862854,4.0,16,$,11372,True
83ZJrizS8F7HuvExtqCpNQ,New Win Hing,Chinese,40.6143029,-74.06648829999997,3.5,27,$,10305,True
HoU-pi4U4EK-AwkTxNCAEg,Lisa's Dumplings,Chinese,40.76894691909421,-73.9824067136363,4.0,53,$,10019,False
dVAI5zh29psdbHp9wGXwVQ,M Star Cafe,Chinese,40.713928,-73.99651999999998,3.5,296,$,10002,True
PXm4BNjTgWHYClemDAkDjw,Asian Kitchen,Chinese,40.7358398,-73.8809509,4.0,31,$,11373,True
5z1CFWRQYu38S6UMIckT9Q,Grace Kitchen,Chinese,40.6933,-73.96569000000002,3.0,28,$,11205,True
j0tkph2po_37gtZ1ufxiow,Golden House,Chinese,40.765042978720075,-73.917901641107,2.5,94,$,11103,True
iQKKS_QwYcgrjFISuDClqQ,Good Joy,Chinese,40.68942,-73.97067,3.0,27,$,11205,True
OSqcNi7EZLAMtuiQjuoiLg,Grand Great Wall Restaurant,Chinese,40.82128370000001,-73.9506657,3.5,25,$,10031,False
poECelUuZjcM6xSlYjqxbw,China Delight,Chinese,40.65043,-74.00458990000001,3.5,49,$,11232,True
s1er-RauI-xaGWneqhS6fQ,New Tung Hing Chinese Kitchen,Chinese,40.66944,-74.12052,4.0,33,$,7002,True
JgKB3S7bGPbry54yIDZjcw,Foo Hing Kitchen,Chinese,40.875029999999995,-73.90139,4.0,12,$,10468,True
e03tT0hH6qU-_dR8pwFa0Q,Mr Wonton,Chinese,40.743635999999995,-73.92026329999999,3.0,56,$,11104,True
4HvBAmpVXUwW5BucwMR13Q,New Neighbor Kitchen,Chinese,40.64075,-73.96507,3.5,18,$,11226,True
inp9N7bo9zqQSa8h8UBhqg,Empire Szechuan,Chinese,40.775683,-73.98017800000002,2.5,236,$$,10023,True
ePVlFbTzdVQFWie__kdplg,Main Noodle House,Chinese,40.752143,-73.986396,3.5,413,$$,10018,True
NLHHXy87krCnRGXkeLhmsw,Steamed Rice Rolls Cart,Chinese,40.7183599,-73.99395,4.5,16,$,10002,False
0odtQty6tMRPQ7UrNysUxw,Wen Gee House,Chinese,40.678898,-74.010712,3.5,13,$,11231,False
9aRUixGqy9wr581lF2rKMA,Fu Lai Kitchen,Chinese,40.63595,-74.0256,3.5,14,$,11220,True
loLFoBWWXfpFu9fOdWebHQ,Yong Sheng,Chinese,40.82645,-73.93951,4.0,12,$,10039,False
f9_L7uj8IxUJXDvioHDXdw,Bay Parkway Cafe,Chinese,40.61204147338871,-73.983757019043,3.5,35,$$,11204,True
BkdFxt7e1saLr1eeqF3Msg,China Star,Chinese,40.673679,-74.230331,4.0,22,$,7083,True
w8mt6JTk8lUe7dTV6hASEw,Golden Way,Chinese,40.67507,-73.842849,3.5,58,$,11417,True
l1JP5MiQja95rF99qeJ1zw,Golden Wok,Chinese,40.82700300000001,-73.94672299999998,3.5,55,$,10031,True
svNleiTRS0Pinpa5u393Eg,Number One Great Wall,Chinese,40.6680863,-73.9066217,3.0,6,$,11212,True
xZ19F2iiWiA36LAS5PH_GA,Great Wall Kitchen,Chinese,40.81328920000001,-73.9454751,3.5,7,$,10027,False
CZc8HqioU9WFJcml530kmQ,Grand Wok,Chinese,40.60935,-73.93171,3.5,16,$,11234,True
vSkCDRWX6VvP4PJHHFgoDw,New King Wok Restaurant,Chinese,40.8064728,-73.9498444,4.0,16,$,10027,True
01m-oqxaCifh0s0eU03bBg,Asia Express,Chinese,40.74094,-73.97891,3.0,64,$,10016,True
4YbhYETkSq2FpDtXRyzBEA,China One,Chinese,40.6616096496582,-73.992790222168,3.0,19,$,11215,True
wqu8ZUOUH50m1LmdAdsDFg,New Red Star Chinese Kitchen,Chinese,40.8162034,-73.8965443,3.5,4,$,10455,True
etU9gCufydWxkm44Y_esyA,Szechun Express,Chinese,40.8243995817555,-73.984444908711,4.0,55,$$,7010,True
emaMBqN_eWu71rgnQEnG3g,Szechuan Garden,Chinese,40.662378,-73.98508000000002,3.5,78,$$,11215,True
iCjntZ9WI6Vl_onP_JqZPA,No 1 Chinese Restaurant,Chinese,40.672897,-73.92192800000002,2.5,22,$,11233,True
Ms6jgxyr0uW_aPbJoz_1Yw,New China 3,Chinese,40.745144,-73.90606700000002,3.0,45,$,11377,True
hWkbadE0u-Eiqg9SAm176Q,Our Place China Chalet,Chinese,40.7733383,-73.95580290000002,3.0,63,$$,10075,False
YCen62jqSWhPOAorQjSZdQ,MoonHouse,Chinese,40.788337,-73.947502,3.5,105,$,10029,True
LpSjWO4ZU6rbxGUetRp1mA,King Dumplings,Chinese,40.71605,-73.99169,4.5,117,$,10002,True
8SM-aKKwlK8JNaJTr60c6Q,East Met West,Chinese,40.71446,-73.94391999999998,3.0,52,$,11211,True
Xf6e3HaP0AgMBxY7dEDkOA,99 Favor Taste,Chinese,40.7176199,-73.99249,4.0,1879,$$,10002,True
eOOHZfaZ-dIFG3drJca-3g,QQ Star Chinese Food,Chinese,40.6182098,-74.0304184,4.0,16,$$,11209,True
-bBJi79fbtWRzcs_rsU6ag,Kings Wok Restaurant,Chinese,40.67263,-73.95421,4.0,9,$,11216,True
igFRhlkG_cKF3a87fbVexw,Happy Dragon,Chinese,40.88045,-73.8836,4.0,20,$,10467,True
84zvcPTAVCsSVtzCUtSDtA,Cha Chan Tang 茶餐廳,Chinese,40.7153,-73.99896,3.0,1047,$,10013,True
91rrB0aH3caC70oCkxAynA,Deluxe Green Bo,Chinese,40.715540215764996,-73.9981645926656,3.5,663,$,10013,True
J6ZCPE3Fu1Ikgy9qO7Cl3Q,Eastern Style Chinese,Chinese,40.83389,-73.91509,4.0,7,$,10456,True
QZY3xdZvrhfBLPRVr6ryiQ,Lucky Star Restaurant,Chinese,40.76309000000001,-73.87443,3.0,11,$,11369,True
flmNwrxQfYNvWp7_-fZyDg,Tack's Chinese Take Out,Chinese,40.604620000000004,-74.12123000000003,3.5,63,$$,10314,True
_0MvItPbaQ3A-pP3GWHI1Q,Great China,Chinese,40.816959999999995,-73.95344,5.0,5,$,10027,False
dBpttLTwkOT3HtFZ-u9vgQ,Panda Garden Restaurant,Chinese,40.745588709108404,-73.9046854516638,3.5,27,$,11377,False
GBwix4fH52ge9WRiPXmrbQ,Wah Hing Kitchen,Chinese,40.6755799,-73.8121199,4.5,15,$,11420,True
u6Yrkowq8k5zBpClvjX2FA,Happy Garden Chinese Restaurant,Chinese,40.633140000000004,-74.02678,4.0,46,$,11209,True
kBSrDu4zJ_tr5npTOdhjvg,Super Kew Garden,Chinese,40.7157498,-73.8324821,3.5,51,$,11375,True
_6nI_J5Kzj12oHMfjR3A4A,U Like Chinese Take Out,Chinese,40.8674342,-73.9215025,3.0,73,$,10034,True
NMX7QiEh1-ZhAY52t9-Iow,King's Kitchen,Chinese,40.6040020469898,-73.9969891682267,3.0,188,$,11214,True
vWEdeCMkv93KzVzjKqdvBw,New Sing Sheng Kitchen,Chinese,40.74896,-73.89175,4.0,22,$,11372,True
9ieA0TyApI94wEqqW_r93w,Aaron's Chinese and Thai,Chinese,40.750378999999995,-73.998141,2.0,55,$$,10001,True
uXtaduMyk2oGdnHYR4ZafA,Vegetarian Palate,Chinese,40.679648,-73.96386700000002,3.5,192,$$,11238,True
dSaMEWm0EQTG4TOeUetU5w,Jian Bing Man,Chinese,40.747609999999995,-73.98631,3.0,161,$$,10001,True
yVI01P3ApyLlkqtOfgki7A,Bei Jing Chinese Foods,Chinese,40.768619,-73.98850999999998,3.5,21,$,10019,True
8Vn_BShtn8R3o-Sex34mrQ,King Garden,Chinese,40.814108000000004,-73.936707,3.0,10,$,10037,True
uTR5Z8ChaIXuBAicdrpDlw,Fu Hing Restaurant,Chinese,40.67709,-74.10673,3.5,23,$,7002,True
__r8_g1cgDaiDn10cGeJ3Q,New China Red,Chinese,40.715022999999995,-74.008636,2.5,34,$,10007,True
3K7Kc82bhU6-qjAjsBs3Fw,Lao Bei Fang Dumpling House,Chinese,40.74111,-73.87977,4.0,574,$,11373,False
8g7g05YV90DiTCQGSmIQCQ,Fortune Kitchen,Chinese,40.695636,-73.840264,4.0,3,$,11418,True
rHA9M0XOJL6O11xaEiDurA,New Kam Lai Chinese,Chinese,40.79303,-73.97133000000002,3.0,63,$,10025,True
lUJTTfuhJ7wFJeGd-DvDWw,Kam Fung Kitchen,Chinese,40.61924000000001,-73.92430999999998,2.5,16,$$,11234,True
U0SmczzYhahOeRxftjBPSg,Chef 28,Chinese,40.74393,-73.98493,3.5,166,$$,10016,True
OvdCm3j_5HzItolfvwrEUA,Lilli & Loo,Chinese,40.763858,-73.96726899999999,3.5,404,$$,10065,True
1mub8zHlEAdFqSzbsI3G1w,China One,Chinese,40.6976141,-73.7944893,3.5,17,$,11433,True
j9LAlbSiqGlvfAOt8LRRzQ,New Kam Lai,Chinese,40.787009999999995,-73.975899,2.5,57,$,10024,True
ZodRffm6pfjb6PPtvOZ5AQ,Wing Hua 2,Chinese,40.6438,-73.97763,3.0,41,$,11218,True
AEkpyAGcVe5NgH2Nb7fCNQ,Nuevo Jardin De China Restaurant,Chinese,40.761551375569894,-73.92431488202041,3.5,214,$$,11106,True
P4SrOAYsuJ8iX7cHyewGyQ,Far East,Chinese,40.668091,-73.986855,3.0,25,$,11215,True
osnb51lPIHxUKRlcg7idwA,Kathy's Dumplings,Chinese,40.627973499999996,-74.0293625,4.0,226,$,11209,True
z6HMM_cSraJFkQFvSjWGDA,Lucky Chinese Restaurant,Chinese,40.7367175,-73.89609490000002,4.0,21,$,11377,False
3qK7p7vhthzsUC0_aYTlrA,Taste of China,Chinese,40.661731,-73.951042,3.5,8,$,11225,False
oeiITGgL0yzOLc8TTkVdDQ,Fu Ying Chinese Restaurant,Chinese,40.7298591,-73.8606584,3.0,37,$,11374,True
bVEvRibOk3dukWJ8TiU7GQ,Taste of China,Chinese,40.757145122393204,-73.91480192973229,3.5,33,$,11103,True
rg0-55TElpe8N-4NySky_g,Yummy Chinese Restaurant,Chinese,40.641075,-73.95581899999998,4.0,7,$,11226,True
XNZXyahRs1-GOx-71LET1w,Sun Hing Chinese Restaurant,Chinese,40.756033,-73.878237,3.5,13,$,11372,False
MEaT9f2B4F0gvXhCir9v4w,Chan Yang Garden,Chinese,40.680957,-73.974586,3.5,28,$,11217,True
GDqIF-JMOO-8EM3yKn25_w,New Sze's Garden,Chinese,40.7082630466795,-73.9197599887848,4.0,29,$,11385,True
BUB1ej9y5RBseuy5VyOpxw,Chang Wang Restaurant,Chinese,40.71599000000001,-73.99175,3.5,24,$,10002,False
yNk043q6XT2HmiL_CcJqVQ,New Sunny Chinese Food,Chinese,40.6766935252582,-73.9302539892331,3.5,12,$,11213,True
00J0yKkOuOxMhqt-Dg9daw,Panda Express,Chinese,40.7501065718521,-73.99485949426891,3.0,73,$,10001,True
4--r7DCu5l9UEIjs4OwKSQ,Gem Bing Shop,Chinese,40.729444,-73.989067,4.0,56,$,10003,True
6ZUNlT0iiHUEwZ-46GQmrg,ChopStix Of Bay Ridge,Chinese,40.62256,-74.0253,3.0,246,$$,11209,True
duVKdeFRXc6Tr2UY5vTPwQ,New General Tso's Restaurant,Chinese,40.83117,-73.86212990000001,4.0,16,$,10472,True
3xopDG55pZ6Z6UUAcGfxhw,New Spring Garden,Chinese,40.7487976,-73.8716292,3.5,10,$,11372,True
h7WwPbWt4Qgimc6K4oVTxA,Feng's Garden,Chinese,40.719054,-73.839431,3.5,72,$,11375,True
ATqzYWJLxhNlaXGjmHGNZQ,New Szechuan House,Chinese,40.7459596,-73.9140785,2.5,51,$,11377,True
QlVBFWxQ-HY-O2AmqHiJxA,New China Restaurant,Chinese,40.8199502681327,-73.9133950213959,3.5,10,$,10455,False
KIPrTLyJb0mHpsxuaCByZg,Corner 28 - The Roast,Chinese,40.6401824951172,-74.0049591064453,4.0,89,$,11220,True
DV1oGQXPKqVOli_ejx-i9w,Golden Palace Chinese Restaurant,Chinese,40.82097,-73.84817,3.5,15,$$,10473,True
YkHSu1qIQvG9uxTTBUYIoQ,King Garden Restaurant,Chinese,40.85188,-73.9346599,4.0,17,$,10033,True
77zkzHD6Kavy1vT-sPXxJA,Hang Shing Kitchen,Chinese,40.7102074072038,-73.8485997417336,4.0,29,$,11375,False
-L_ArHSBcNlG5r0djuQ9Dw,Kamshing,Chinese,40.62998,-73.96099,4.0,17,$,11230,True
5W89QQZqPJazBS80anuu3Q,Wah Yoan Restaurant,Chinese,40.78225,-74.01201,4.0,18,$,7093,True
Qd4LleGL1MU7hcBYXcyVSA,Good Chinese Kitchen,Chinese,40.80828,-74.01805999999998,4.0,34,$,7047,True
ziwipi8JK_ik4mLaw1fTGw,Kam-Wei Kitchen,Chinese,40.76128,-73.99391999999997,3.5,39,$,10036,True
d1pRHsBuYCZ4hdk0dyjE-g,Jade Chinese Restaurant,Chinese,40.7080256,-73.8306941,4.0,45,$,11415,True
6jgIfvh_Pjm2LQt4SfoBuw,Rose Flower Restaurant,Chinese,40.86797,-73.88383,4.0,14,$,10458,True
XJ68bnXVpW-pZTuiDrnCzQ,China Pavilion,Chinese,40.8563,-73.84374,4.0,33,$,10461,True
8Ef9eUwj4fO3uyY1dgEHsg,Splendid China,Chinese,40.835598,-73.940437,3.5,31,$,10032,True
sDaPycSxgCABsIeAdzn-yw,Double Happy,Chinese,40.6923332214355,-73.8583450317383,3.5,19,$,11421,True
BcOuqkUniZJG5NLpdzeOYQ,Friendly Restaurant,Chinese,40.7559963313064,-73.9424634196434,3.5,60,$,11101,True
WRRs3smfm6rHP5k4Slzr3w,Hop Won Restaurant,Chinese,40.7533111572266,-73.9739227294922,3.0,150,$,10017,True
VKVKKCxE9aU6rgfGEkD0_A,Chen's Garden,Chinese,40.6500633,-73.8909008,4.0,10,$,11207,True
6nvauDS1LzXU1CVweD8lKQ,New Phoenix Restaurant,Chinese,40.615379,-74.084968,5.0,5,$,10304,False
oEtZCrpEeQDYou3edW9hkw,Chen's Kitchen,Chinese,40.741864442825296,-74.0401569753885,3.5,12,$,7030,True
AocrQdF6uHOIgoYvJ4Db8g,Happy Wok Chinese Restaurant,Chinese,40.672592,-73.957571,3.5,17,$,11238,True
-_fDmhClugYdfy19qcNQpw,Asian Taste,Chinese,40.660945,-73.99453299999999,3.0,58,$,11215,True
xfUULVOdsH7bb47u2yyC7A,Empire Szechuan Restaurant,Chinese,40.62597167,-74.13739667,3.0,57,$$,10302,True
fk-BKgsxrsWvLuYtI7yCxw,Golden City Restaurant,Chinese,40.85387,-73.88884,3.0,16,$,10458,True
C0uaRMiXCCtjXdQSZhaU_A,Chinah,Chinese,40.726902,-74.035549,4.0,47,$$,7310,True
ga-N9Bqz4y0kP8qlvyClXg,Cheun Hing Kitchen,Chinese,40.69158,-73.81923,4.0,3,$,11419,True
D-PPbfPcCNyKs7w0J4tMvQ,East Palace,Chinese,40.7510528564453,-73.97166442871091,3.0,88,$,10017,True
MP2PwlyaedmF5pu3DUNKcA,Double Chinese Restaurant,Chinese,40.700747699777004,-73.89372992339509,3.5,10,$,11385,True
ZF2cnQJkPT1inCUaR7_JgA,New King's Wok Kitchen,Chinese,40.91044,-73.89681,4.0,26,$,10471,True
_O3q6PSXNoPapUar-RVXPw,Grace Chinese Food II,Chinese,40.70615,-73.94286,3.5,17,$,11206,True
iAlqJJHbbeY2Lb7tPt_CQA,86 Fu Kee,Chinese,40.601908,-73.993218,3.5,164,$,11214,True
IjmcxZDPeCgSE81n2qlKmg,New China Star,Chinese,40.678356,-73.83330500000001,3.5,13,$,11417,True
6uPtOyrxXV8y1y8pvLU2pA,Pic Up Stix,Chinese,40.78259,-73.95352,3.0,69,$,10128,True
omOPvWNdukvWOC0peXPyng,Fairview Chinese Restaurant,Chinese,40.81084,-74.00097,4.0,135,$,7022,True
Vu3YWBTA6ygLq2RweWZM8Q,Panda Garden,Chinese,40.578910799999996,-74.1083069,4.0,16,$,10306,True
1SVf6bO7gWm6HWlupMF15Q,Great Wall Chinese Restaurant,Chinese,40.819618225097706,-73.926383972168,2.5,17,$,10451,True
jqFPsQrQsgRkvUziYNKdSw,Jumbo Chinese Kitchen,Chinese,40.6976891,-73.8353577,4.0,24,$,11418,True
sgKNAn72O2XMQXS6AWmf9w,Food King Kitchen,Chinese,40.72117,-74.04568,4.0,93,$,7302,True
zWDiH7KpUhRhv1cPNExMDg,New Hong Kong Restaurant,Chinese,40.8001850545406,-73.9404103159904,3.0,7,$,10035,True
kYJbGSjyXocbRrgMV-zExg,Six Happiness,Chinese,40.7700042724609,-73.95782470703121,3.0,121,$,10021,True
JDv_pfBjuaU3BR7GC6GxRQ,Yummy Yummy Chinese Restaurant,Chinese,40.7318717,-73.8999307,3.5,43,$,11378,True
OUXpyNFn4XY-2cNyURHCQw,Yummy Yummy Chinese Restaurant,Chinese,40.6765460997353,-73.84406203126609,3.0,36,$,11417,True
OQz_k_yWmub01dPFISElLQ,Mei Wei Restaurant,Chinese,40.6368,-73.91199,4.0,7,$$,11236,True
0kKYP-_ScvaHi0LUqg-iBA,New Ah Ping Snacketeria,Chinese,40.714019,-73.99535300000001,4.0,15,$,10002,False
jzyMEWzQy64-egT42FHdcg,New Sunrise Chinese Restaurant,Chinese,40.651779,-74.127975,4.0,14,$,7002,True
c9I4-T9wTlMmJEHb4obEdQ,Happy Gathering,Chinese,40.7589,-73.92600999999999,3.0,51,$,11106,True
k_vsZU3Ba-fX0oXC-iO-GQ,Wei Mei Xian,Chinese,40.636829999999996,-74.01145,4.0,17,$,11220,False
OpUM9bpPbk8SV5JNosGyHQ,Green Garden,Chinese,40.62896,-74.11416,3.0,33,$$,10310,True
L1Jw7GRSp9uS1l7PGSVVng,China King,Chinese,40.6119499,-74.1325989,4.0,18,$$,10314,True
YJqM9wxCH-PNslHbffzbGg,Dynasty Chinese Restaurant,Chinese,40.630418,-73.944,3.0,44,$,11210,True
yv9RbEsbXLhW7bv4ghBl3w,Hand Pull Noodle and Dumpling House,Chinese,40.61489,-73.99405,4.0,309,$,11204,True
S67SO2lFACuWY0AKPbbyfA,Chen's Garden II,Chinese,40.5626885,-74.191104,3.5,34,$$,10312,True
l5C_XHvTZihVzPKgclRZqg,Lee's Villa,Chinese,40.6913726,-73.9863949,2.5,32,$,11201,False
gcwOJAeYOQsCaC9k_SRo2A,Kay's Spring Garden,Chinese,40.750907,-74.046302,3.5,35,$,07307,True
DGrFKsyAOotGDJw-JyXsTw,Double Dragon Restaurant,Chinese,40.867191,-73.898079,3.5,15,$,10468,True
upTR0Et3cuT-0gFCUezctQ,China Garden,Chinese,40.67453,-73.930877,3.0,4,$$,11213,False
KUW8hx5kinOT_XJj3ttCDQ,Go Noodle Nine Moon,Chinese,40.75932,-73.96254,3.0,59,$,10022,True
ydi02Oq3w8OSYDLqEoj7jw,Golden City Chinese Kitchen,Chinese,40.6875,-73.99795,3.5,2,$,11201,False
entLjafiBAYOvbJYHRvyrw,Yang Garden,Chinese,40.855266,-73.937759,3.5,19,$,10033,True
3ESDUFulPVoMJdsqPQGm0A,Golden City Chinese Restaurant,Chinese,40.753277148143,-73.996643608314,3.5,83,$,10001,True
-yvKAab1GkifG0Of2oDWpg,China New Star Restaurant,Chinese,40.62479,-74.14344,3.5,48,$$,10302,True
gAyoxWC4GleDVBp17OQ9qA,Sunrise Restaurant,Chinese,40.684894,-73.84471,4.5,8,$,11416,True
2IrDzLVFUFPp229c1x8YNw,Hong Man,Chinese,40.715145,-73.993698,4.0,136,$,10002,True
S0CYlCpjRfq13k2qz06DHw,Xiang Hotpot-Brooklyn,Chinese,40.6339,-74.00467,4.0,120,$$$,11219,True
k4Aoi0jXt6S3W_lxCYO9Qg,Green Lake Restaurant,Chinese,40.65323,-73.95922,3.0,57,$,11226,True
v5CsUc6pr7foHWsoQ0Y36Q,Ho Wan Restaurant,Chinese,40.68508,-73.83095,3.5,104,$$,11419,True
EL6Qg5LzrfhDFnF7MUfGLA,Mr Wonton Chinese Restaurant,Chinese,40.747068,-73.942103,2.5,50,$,11101,True
gcbznFthZ-elsQrYYXrcXQ,Shun Wei,Chinese,40.71194,-73.99669,2.5,26,$,10038,True
er5IdZdfNkYsSigugyYvsw,Wing Wah Restaurant,Chinese,40.797466,-73.933944,3.5,15,$,10035,True
FEPObR6IYWOFapJDwFhGTA,Wong's Kitchen,Chinese,40.63378,-73.948287,4.0,10,$,11210,False
0jksmaH2Fiy3VTricU7g9A,Golden Kitchen,Chinese,40.69224,-73.86299,3.5,9,$,11421,True
a2sxaQooPmq9r7Cc-Umunw,Precious Japanese & Chinese Cuisine,Chinese,40.738484,-74.030919,3.5,269,$$,07030,True
NUtJS2r8mPUk3kOJJQpEKw,Tasty House,Chinese,40.597064,-73.974708,4.0,14,$,11223,True
YdAtCf_13UK-uvXuOMrhNg,Radiance,Chinese,40.7555779423723,-73.9703503944427,3.5,174,$$,10022,True
2MxGdAiDLXG4cz0ZMH1CiA,Oriental Plaza Chinese & Japanese Restaurant,Chinese,40.603032,-74.162377,3.5,131,$$,10314,True
8_miZRWK0rpNnCt14Ib7Sg,China Dragon Restaurant,Chinese,40.6426,-73.95692,4.0,7,$,11226,True
I1FoaHcmLe8CaDjGtKz2CQ,King's Taste,Chinese,40.7643537,-73.8845476,3.0,21,$$,11370,True
kbHZif05N4bdPIWmAI-MaQ,King Wok Restaurant,Chinese,40.718273,-73.840868,3.5,40,$,11375,True
GrxbGiLMkl1jd665k1lbIQ,LULU Chinese,Chinese,40.6802989,-73.8594402,3.5,89,$$,11416,True
bacGm8cL-vUPHdR18_M7bw,Charley Mom Restaurant,Chinese,40.7740287780762,-73.9481582641602,3.5,89,$$,10028,True
